fact_id,brand,fact_type,product,client_safe_text,risk_level,freshness_status,valid_from,valid_until,bot_template_required,usage_mode,refresh_before_launch
fact:v3:foton:owner_2026_08_13_foton_lvsh_2027_august_dates:278a02b19b,foton,camp_lvsh,lvsh_2027,"Фотон: ЛВШ 2027, августовская смена — 14-22 августа 2027 года.",low,document_verified,2026-08-13,2027-08-22,False,answer_source,False
fact:v3:foton:owner_2026_08_13_foton_lvsh_2027_june_dates:5000fa6c06,foton,camp_lvsh,lvsh_2027,"Фотон: ЛВШ 2027, июньская смена — 20-30 июня 2027 года.",low,document_verified,2026-08-13,2027-06-30,False,answer_source,False
fact:v3:foton:contacts_foton_contact_hours_client_safe_text:c8fcd32d63,foton,contact,contacts_foton,Фотон: актуальные часы связи проверьте на официальной странице контактов; по будням и выходным они могут отличаться.,low,document_verified,,2026-12-31,False,manager_review_required,True
fact:v3:foton:contacts_foton_email:a841aacae0,foton,contact,contacts_foton,Фотон: контакты — edu@cdpofoton.ru.,low,document_verified,,2026-12-31,False,manager_review_required,True
fact:v3:foton:contacts_foton_phone:5f5b1d33cf,foton,contact,contacts_foton,Фотон: контакты — 8 (495) 500-25-88.,low,document_verified,,2026-12-31,False,manager_review_required,True
fact:v3:foton:contacts_foton_telegram:d218deb94f,foton,contact,contacts_foton,Фотон: контакты — @cdpoFoton.,low,document_verified,,2026-12-31,False,manager_review_required,True
fact:v3:foton:contacts_foton_toll_free:c9188d5d4e,foton,contact,contacts_foton,Фотон: контакты — 8 (800) 550-25-88.,low,document_verified,,2026-12-31,False,manager_review_required,True
fact:v3:foton:contacts_foton_vk:5dc687857e,foton,contact,contacts_foton,Фотон: контакты — vk.ru/foton_edu.,low,document_verified,,2026-12-31,False,manager_review_required,True
fact:v3:foton:contacts_foton_website:c60aa67ca9,foton,contact,contacts_foton,Фотон: контакты — cdpofoton.ru.,low,document_verified,,2026-12-31,False,manager_review_required,True
fact:v3:foton:contacts_foton_whatsapp:3c3fb97db4,foton,contact,contacts_foton,Фотон: контакты — +7 925 500 25 88.,low,document_verified,,2026-12-31,False,manager_review_required,True
fact:v3:foton:processes_2026_06_10_foton_contact_channels:44ce85b3ed,foton,contacts,customer_processes_2026_06_10,"Писать можно в этот чат, на почту edu@cdpofoton.ru, в Telegram @cdpoFoton или Max https://max.ru/u/f9LHodD0cOLwNT41ZnvrqFpeEYPjPaighujNZKxMVIQuUgR-6ITFlmHzB74. Телефон центра: 8 (495) 500-25-88.",low,document_verified,,2026-12-31,False,answer_source,True
fact:v3:foton:academic_year_2026_27_semester_1_weeks:9e0e35a33b,foton,course_parameter,academic_year_2026_27,Фотон: в первом семестре 2026/27 учебного года 20 недель.,low,document_verified,,2027-08-31,False,manager_review_required,False
fact:v3:foton:academic_year_2026_27_semester_2_weeks:426b611f27,foton,course_parameter,academic_year_2026_27,Фотон: во втором семестре 2026/27 учебного года 15 недель.,low,document_verified,,2027-08-31,False,manager_review_required,False
fact:v3:foton:academic_year_2026_27_start:1b2531b67a,foton,course_parameter,academic_year_2026_27,"Фотон: учебный год 2026/27, старт занятий — 12-20 сентября 2026 в зависимости от формата.",low,document_verified,,2027-08-31,False,manager_review_required,False
fact:v3:foton:academic_year_2026_27_start_by_location_moscow:fd75446b71,foton,course_parameter,academic_year_2026_27,"Фотон: учебный год 2026/27, Москва — 12-13 сентября 2026.",low,document_verified,,2027-08-31,False,manager_review_required,False
fact:v3:foton:academic_year_2026_27_start_by_location_online:a9d4c65225,foton,course_parameter,academic_year_2026_27,"Фотон: учебный год 2026/27, онлайн — 19-20 сентября 2026.",low,document_verified,,2027-08-31,False,manager_review_required,False
fact:v3:foton:academic_year_2026_27_total_lessons:4e93f2f489,foton,course_parameter,academic_year_2026_27,"Фотон: учебный год 2026/27, количество занятий за год — 35 занятий.",low,document_verified,,2027-08-31,True,manager_review_required,False
fact:v3:foton:kb_v6_6_client_safe_facts_2026_06_08_schedule_level_split_parallel_groups_client_safe_text:937fa33076,foton,course_parameter,kb_v6_6_client_safe_facts_2026_06_08,"Фотон: если по расписанию написано «уточняется», это потому что группы делятся по уровню знаний. Возможно, предложим другую группу; постараемся сохранить удобное время, потому что групп в параллели много.",low,document_verified,,2026-12-31,False,manager_review_required,False
fact:v3:foton:kb_v6_6_client_safe_facts_2026_06_08_study_pause_flexible_schedule_personal_client_safe_text:9dade3258d,foton,course_parameter,kb_v6_6_client_safe_facts_2026_06_08,Фотон: при личных обстоятельствах можно заморозить обучение или подобрать гибкий график.,low,document_verified,,2026-12-31,False,manager_review_required,False
fact:v3:foton:r4_1_owner_2026_06_12_foton_schedule_timezone_msk:32837c23f6,foton,course_parameter,regular_courses_2026_27,"Время всех занятий указано по московскому времени (МСК) — и онлайн, и очных.",low,document_verified,,2026-12-31,False,answer_source,False
fact:v3:foton:owner_2026_08_13_foton_discount_multichild:96fc7f35e5,foton,discount,regular_courses_2026_27,"Фотон: скидка 10%, если в семье занимаются несколько детей.",low,document_verified,2026-08-13,2027-05-31,False,answer_source,True
fact:v3:foton:owner_2026_08_13_foton_discount_second_subject_offline:2e9c553a61,foton,discount,regular_courses_2026_27,Фотон: скидка 20% на второй и последующие предметы при очном обучении.,low,document_verified,2026-08-13,2027-05-31,False,answer_source,True
fact:v3:foton:owner_2026_08_13_foton_discount_second_subject_online:13a98e9a77,foton,discount,regular_courses_2026_27,Фотон: скидка 30% на второй и последующие предметы при онлайн-обучении.,low,document_verified,2026-08-13,2027-05-31,False,answer_source,True
fact:v3:foton:owner_2026_08_13_foton_referral_offline:140526f5ed,foton,discount,regular_courses_2026_27,Фотон: по реферальной программе выплачивается 10 000 руб. после пяти оплаченных очных занятий приглашённого ученика.,low,document_verified,2026-08-13,2027-05-31,False,answer_source,True
fact:v3:foton:owner_2026_08_13_foton_referral_online:44ca2e703e,foton,discount,regular_courses_2026_27,Фотон: по реферальной программе выплачивается 10 000 руб. после оплаты приглашённым учеником семестра онлайн-обучения.,low,document_verified,2026-08-13,2027-05-31,False,answer_source,True
fact:v3:foton:bot_policy_approved_phrases_theme_11_contract_foton:faa8cea3e9,foton,documents,theme_11_contract,"Договор-оферта придёт на почту вместе с квитанцией после записи; оплата означает согласие. Подскажите, пожалуйста, email для отправки.",medium,document_verified,,2026-12-31,False,answer_source,False
fact:v3:foton:bot_policy_approved_phrases_theme_12_certificate_foton:9cb86dfb75,foton,documents,theme_12_certificate,"Менеджер подготовит справку и пришлёт в течение 10 дней, постараемся раньше.",medium,document_verified,,2026-12-31,False,answer_source,False
fact:v3:foton:certificates_types_course_attendance_form:163d7bd5dc,foton,documents,certificates,Фотон: справки и документы — Свободная форма.,medium,document_verified,,2026-12-31,True,answer_source,False
fact:v3:foton:licenses_client_safe_summary:38197fc2ca,foton,documents,licenses,Фотон: у учебного центра есть лицензия на образовательную деятельность.,medium,document_verified,,2026-12-31,False,answer_source,False
fact:v3:foton:processes_2026_06_10_foton_contract_documents:e36c0da02d,foton,documents,customer_processes_2026_06_10,"Договор идёт через договор-оферту: оплата означает согласие с условиями. Отдельный подписанный договор обычно не нужен, кроме отдельных случаев вроде маткапитала.",medium,document_verified,,2026-12-31,False,answer_source,False
fact:v3:foton:r4_1_owner_2026_06_12_foton_regular_group_size:37731c44c1,foton,format,regular_courses_2026_27,"Очные группы — от 3 до 12 человек, обычно 7-8. Онлайн-группы — 10-20 человек, обычно 12-15.",low,document_verified,,2026-12-31,False,answer_source,False
fact:v3:foton:r4_owner_2026_06_11_foton_lesson_duration_by_format:160fe36060,foton,format,regular_courses_2026_27,Длительность зависит от формата: в выходных группах 5–11 классов — 1 занятие в неделю по 3 ак.ч.; в группах 1–4 классов — 1 занятие в неделю по 2 ак.ч.,low,document_verified,,2026-12-31,False,answer_source,False
fact:v3:foton:r4_owner_2026_06_11_foton_small_groups_personal_attention:1c89d3518f,foton,format,regular_courses_2026_27,Регулярные курсы проходят в небольших группах; преподаватель уделяет персональное внимание каждому ученику.,low,document_verified,,2026-12-31,False,answer_source,False
fact:v3:foton:intensives_2026_ege_intensive_available_in_foton:46dd713903,foton,intensive,intensives_2026,Фотон: этот интенсив в текущем бренде не проводится.,low,document_verified,,2026-12-31,False,manager_review_required,False
fact:v3:foton:intensives_2026_ege_intensive_bot_behavior_when_asked:4cce7b3aa7,foton,intensive,intensives_2026,Фотон: по вопросу об интенсиве менеджер подберёт подходящие варианты и свяжется в течение рабочего дня.,low,document_verified,,2026-12-31,False,manager_review_required,False
fact:v3:foton:locations_foton_addresses_1_address:0dea48e4cb,foton,location,locations_foton,"Фотон: адрес и место занятий — Верхняя Красносельская ул., 30.",low,document_verified,,2026-12-31,False,manager_review_required,False
fact:v3:foton:locations_foton_addresses_1_city:7a77d6f071,foton,location,locations_foton,Фотон: адрес и место занятий — Москва.,low,document_verified,,2026-12-31,True,manager_review_required,False
fact:v3:foton:locations_foton_addresses_1_metro:e91a0a9d1d,foton,location,locations_foton,Фотон: адрес и место занятий — Красносельская.,low,document_verified,,2026-12-31,True,manager_review_required,False
fact:v3:foton:locations_foton_free_trial_offline_client_safe_text:c7c7eabe19,foton,location,locations_foton,"Отдельного бесплатного пробного очного по умолчанию нет; менеджер при записи подскажет, как познакомиться с форматом.",low,document_verified,,2026-12-31,False,manager_review_required,False
fact:v3:foton:locations_foton_free_trial_offline_currently_unavailable_in_foton:0a8d8425ce,foton,location,locations_foton,"Фотон: адрес и место занятий, очно — да.",low,document_verified,,2026-12-31,True,manager_review_required,False
fact:v3:foton:brand_rules_approved_brand_relationship_answer_foton:dcd03f90c3,foton,policy,brand_relationship,"Это отдельные организации, по вашему вопросу сориентирую в рамках текущего учебного центра.",medium,document_verified,,2026-12-31,False,answer_source,False
fact:v3:foton:presentation_format_facts_2026_05_21_client_safe_facts_refund_post_payment_client_safe_text:6632ae12a2,foton,policy,presentation_format_facts_2026_05_21,"По возврату после оплаты нужен расчёт менеджера: он проверит курс, период, оплату и условия договора и назовёт точную сумму.",medium,document_verified,,2026-12-31,False,manager_review_required,True
fact:v3:foton:presentation_format_facts_2026_05_21_client_safe_facts_refund_presale_policy_client_safe_text:27d108bcda,foton,policy,presentation_format_facts_2026_05_21,"Если клиент заранее спрашивает про возврат до оплаты, можно спокойно ответить, что при досрочном отказе возвращается остаток неистраченных средств; можно не переживать. Конкретный порядок оформления менеджер подтвердит по выбранному курсу и договору.",medium,document_verified,,2026-12-31,False,manager_review_required,True
fact:v3:foton:r4_1_owner_2026_06_12_foton_funds_transfer_and_makeup:319e3650ca,foton,policy,payment_and_attendance,"Оплаченные средства не сгорают: остаток переносится на следующий период, год или смену. Пропущенное по справке занятие можно перенести или вернуть за него деньги. Перенос между предметами или форматами — по согласованию с менеджером.",medium,document_verified,,2026-12-31,False,manager_review_required,True
fact:v3:foton:r4_1_owner_2026_06_12_foton_university_target_and_open_days:d4a216c97c,foton,policy,university_information,"Информацию о целевом обучении и днях открытых дверей рекомендуем посмотреть на сайте вуза, в который вы хотите поступать.",medium,document_verified,,2026-12-31,False,answer_source,False
fact:v3:foton:owner_2026_08_13_foton_lvsh_2027_august_current_price:1cd44e0c2c,foton,price,lvsh_2027,Фотон: августовская ЛВШ 2027 сейчас стоит 89 100 руб.; полная цена — 99 000 руб.,low,document_verified,2026-08-13,2027-08-22,False,answer_source,True
fact:v3:foton:owner_2026_08_13_foton_lvsh_2027_june_current_price:762cbfc029,foton,price,lvsh_2027,Фотон: июньская ЛВШ 2027 сейчас стоит 99 450 руб.; полная цена — 110 500 руб.,low,document_verified,2026-08-13,2027-06-30,False,answer_source,True
fact:v3:foton:owner_2026_08_13_foton_regular_first_4_weeks_new_student:d3121ec6c0,foton,price,regular_courses_2026_27,Фотон: первые 4 недели для нового ученика — 8 900 руб.,low,document_verified,2026-08-13,2027-05-31,False,answer_source,True
fact:v3:foton:owner_2026_08_13_foton_regular_first_4_weeks_standard:ae337e419e,foton,price,regular_courses_2026_27,Фотон: обычная стоимость первых 4 недель — 11 400 руб.,low,document_verified,2026-08-13,2027-05-31,False,answer_source,True
fact:v3:foton:owner_2026_08_13_foton_regular_offline_3_4_semester:72d1d65208,foton,price,regular_courses_2026_27,"Фотон: регулярные курсы очно, 3-4 классы, семестр — 35 500 руб.",low,document_verified,2026-08-13,2027-05-31,False,answer_source,True
fact:v3:foton:owner_2026_08_13_foton_regular_offline_3_4_year:2d2c8fdbc8,foton,price,regular_courses_2026_27,"Фотон: регулярные курсы очно, 3-4 классы, год — 59 500 руб.",low,document_verified,2026-08-13,2027-05-31,False,answer_source,True
fact:v3:foton:owner_2026_08_13_foton_regular_offline_5_11_semester:a496523ec0,foton,price,regular_courses_2026_27,"Фотон: регулярные курсы очно, 5-11 классы, семестр — 49 500 руб.",low,document_verified,2026-08-13,2027-05-31,False,answer_source,True
fact:v3:foton:owner_2026_08_13_foton_regular_offline_5_11_year:35392b3042,foton,price,regular_courses_2026_27,"Фотон: регулярные курсы очно, 5-11 классы, год — 83 500 руб.",low,document_verified,2026-08-13,2027-05-31,False,answer_source,True
fact:v3:foton:owner_2026_08_13_foton_regular_online_3_4_semester:2e6919f025,foton,price,regular_courses_2026_27,"Фотон: регулярные курсы онлайн, 3-4 классы, семестр — 23 800 руб.",low,document_verified,2026-08-13,2027-05-31,False,answer_source,True
fact:v3:foton:owner_2026_08_13_foton_regular_online_3_4_year:04b7a6ad6e,foton,price,regular_courses_2026_27,"Фотон: регулярные курсы онлайн, 3-4 классы, год — 39 900 руб.",low,document_verified,2026-08-13,2027-05-31,False,answer_source,True
fact:v3:foton:owner_2026_08_13_foton_regular_online_5_11_semester:09a6220f86,foton,price,regular_courses_2026_27,"Фотон: регулярные курсы онлайн, 5-11 классы, семестр — 34 200 руб.",low,document_verified,2026-08-13,2027-05-31,False,answer_source,True
fact:v3:foton:owner_2026_08_13_foton_regular_online_5_11_year:76e538f95f,foton,price,regular_courses_2026_27,"Фотон: регулярные курсы онлайн, 5-11 классы, год — 57 000 руб.",low,document_verified,2026-08-13,2027-05-31,False,answer_source,True
fact:v3:foton:processes_2026_06_10_foton_absences_materials:2ecd6fd301,foton,process,customer_processes_2026_06_10,"Если занятие пропущено, предупредите нас заранее. Онлайн-записи и материалы помогают нагнать тему; по очным занятиям материалы можно уточнить в чате группы или у администратора.",low,document_verified,,2026-12-31,False,answer_source,False
fact:v3:foton:processes_2026_06_10_foton_after_payment_access:0df09e88c4,foton,process,customer_processes_2026_06_10,"После оплаты пришлите чек или квитанцию в чат или на почту. После подтверждения оплаты для онлайн-занятий на почту придёт приглашение на учебную платформу и инструкция по подключению; с лета 2026 новые онлайн-занятия проходят на SohoLMS, а курсы, начавшиеся до лета 2026, завершаются в MTS-Link. Для очных занятий пришлём информацию о центре, группе и расписании.",low,document_verified,,2026-12-31,False,answer_source,False
fact:v3:foton:processes_2026_06_10_foton_completion_certificate:48555bc7a1,foton,process,customer_processes_2026_06_10,"По итогам курса можно получить документ о прохождении обучения. Формат и срок выдачи зависят от программы; менеджер подскажет, как получить документ.",low,document_verified,,2026-12-31,False,answer_source,False
fact:v3:foton:processes_2026_06_10_foton_document_correction:e9be293521,foton,process,customer_processes_2026_06_10,"Если в договоре, квитанции или письме ошибка, напишите, что именно нужно исправить. Менеджер подготовит корректный документ и пришлёт его на почту.",low,document_verified,,2026-12-31,False,answer_source,False
fact:v3:foton:processes_2026_06_10_foton_enrollment_signup_steps:80d620a0d5,foton,process,customer_processes_2026_06_10,"Для записи пришлите ФИО ученика и класс, ФИО родителя, почту для связи и выбранное направление. После записи на почту придут подтверждение, договорные документы и способ оплаты.",low,document_verified,,2026-12-31,False,answer_source,False
fact:v3:foton:processes_2026_06_10_foton_freeze_or_transfer:76ca95c66f,foton,process,customer_processes_2026_06_10,"При личных обстоятельствах можно обсудить перенос обучения, смену группы или более гибкий график. Точные условия зависят от курса и ситуации, их подтвердит менеджер.",low,document_verified,,2026-12-31,False,answer_source,False
fact:v3:foton:processes_2026_06_10_foton_group_level_transfer:d2447f1861,foton,process,customer_processes_2026_06_10,"Если ребёнку слишком легко или сложно, можно обсудить перевод в другую группу по уровню. Обычно учитываются рекомендация преподавателя и пожелания семьи.",low,document_verified,,2026-12-31,False,answer_source,False
fact:v3:foton:processes_2026_06_10_foton_homework_feedback:18e8e92235,foton,process,customer_processes_2026_06_10,Домашние задания проверяются. Обратную связь по успеваемости можно запросить: менеджер передаст вопрос преподавателю или куратору.,low,document_verified,,2026-12-31,False,manager_review_required,False
fact:v3:foton:processes_2026_06_10_foton_marketing_codes_absent:28ff4d7f3f,foton,process,customer_processes_2026_06_10,Промокодов сейчас нет. Из реальных выгод: при оплате за семестр или за год выходит выгоднее — это уже учтено в прайсе.,low,document_verified,,2026-12-31,False,answer_source,False
fact:v3:foton:processes_2026_06_10_foton_online_access_platform:280f8b3014,foton,process,customer_processes_2026_06_10,"Для онлайн-занятий доступ приходит на почту: приглашение, ссылка на платформу и инструкция по подключению. С лета 2026 новые онлайн-занятия проходят на SohoLMS; курсы, начавшиеся до лета 2026, завершаются в MTS-Link. Для очных занятий пришлём информацию о центре, группе и расписании.",low,document_verified,,2026-12-31,False,answer_source,False
fact:v3:foton:processes_2026_06_10_foton_parent_feedback:798f45dfce,foton,process,customer_processes_2026_06_10,Родитель может запросить обратную связь по занятиям и прогрессу. Менеджер передаст запрос преподавателю или куратору и вернётся с ответом.,low,document_verified,,2026-12-31,False,manager_review_required,False
fact:v3:foton:processes_2026_06_10_foton_payment_confirmation_receipt:c287dd9d1c,foton,process,customer_processes_2026_06_10,"После оплаты пришлите чек или квитанцию. Если платёж был, но доступ не пришёл, менеджер проверит оплату по ФИО ученика и выбранному курсу.",low,document_verified,,2026-12-31,False,manager_review_required,False
fact:v3:foton:processes_2026_06_10_foton_payment_general:a0cb8f7883,foton,process,customer_processes_2026_06_10,"Оплатить можно по QR-коду, квитанции или ссылке на оплату. Если нужно оплатить бизнес-картой, можем прислать ссылку через эквайринг Альфа-Банка.",low,document_verified,,2026-12-31,False,answer_source,False
fact:v3:foton:processes_2026_06_10_foton_payment_semester_year_price:9c3e0d1b92,foton,process,customer_processes_2026_06_10,При оплате за семестр или за год выходит выгоднее — это уже учтено в прайсе.,low,document_verified,,2026-12-31,False,answer_source,False
fact:v3:foton:processes_2026_06_10_foton_personal_cabinet:8a8fdc5709,foton,process,customer_processes_2026_06_10,"В личном кабинете учебной платформы доступны занятия, материалы и записи онлайн-уроков. С лета 2026 новые онлайн-занятия проходят на SohoLMS; курсы, начавшиеся до лета 2026, завершаются в MTS-Link. Если пароль забыт, его восстанавливают через форму восстановления.",low,document_verified,,2026-12-31,False,answer_source,False
fact:v3:foton:processes_2026_06_10_foton_recordings_materials:f9d3e0676e,foton,process,customer_processes_2026_06_10,"Записи онлайн-занятий сохраняются в личном кабинете для пересмотра. Домашние задания и материалы доступны на платформе или в чате группы, в зависимости от формата курса.",low,document_verified,,2026-12-31,False,answer_source,False
fact:v3:foton:processes_2026_06_10_foton_refund_process_manager_check:5a303f02e0,foton,process,customer_processes_2026_06_10,До оплаты можно спокойно уточнить порядок возврата: при досрочном отказе возвращается остаток неистраченных средств. После оплаты точную сумму и документы проверяет менеджер.,low,document_verified,,2026-12-31,False,manager_review_required,True
fact:v3:foton:processes_2026_06_10_foton_schedule_final:ceed6f1235,foton,process,customer_processes_2026_06_10,"Финальное расписание уже есть. Напишите класс, предмет, формат и удобное время — подберём группу и пришлём актуальные варианты.",low,document_verified,,2026-12-31,False,answer_source,False
fact:v3:foton:processes_2026_06_10_foton_schedule_reason:53f72c720b,foton,process,customer_processes_2026_06_10,"Точные слоты пришлём после распределения по уровню группы. Стараемся учитывать класс, формат и пожелания по времени.",low,document_verified,,2026-12-31,False,answer_source,False
fact:v3:foton:processes_2026_06_10_foton_teacher_change:ea84bee144,foton,process,customer_processes_2026_06_10,"Если преподаватель или группа не подошли, можно обсудить другую группу или другого преподавателя. Методика и программа сохраняются, а переход согласуют по уровню и расписанию.",low,document_verified,,2026-12-31,False,answer_source,False
fact:v3:foton:processes_2026_06_10_foton_technical_problem:e7be5ee9a2,foton,process,customer_processes_2026_06_10,"Если письмо, квитанция или ссылка не пришли, проверьте папку «Спам» и напишите нам. Менеджер проверит группу и отправит актуальную ссылку или письмо повторно.",low,document_verified,,2026-12-31,False,manager_review_required,False
fact:v3:foton:processes_2026_06_10_foton_testing_intro:92ee3cb7e6,foton,process,customer_processes_2026_06_10,Вступительное тестирование помогает подобрать подходящую группу по уровню. Обычно ребёнок проходит тест и заполняет анкету до старта занятий.,low,document_verified,,2026-12-31,False,answer_source,False
fact:v3:foton:processes_2026_06_10_foton_testing_results:b6cc9df715,foton,process,customer_processes_2026_06_10,Результаты тестирования используют для распределения по уровню и группе. Итоговое распределение сообщит менеджер.,low,document_verified,,2026-12-31,False,answer_source,False
fact:v3:foton:processes_2026_06_10_foton_waitlist_when_no_places:8cdff3a94a,foton,process,customer_processes_2026_06_10,"Если подходящей группы, времени или места сейчас нет, можно записаться в лист ожидания. Укажем приоритетные предметы и формат, а менеджер подскажет ближайшую альтернативу.",low,document_verified,,2026-12-31,False,answer_source,False
fact:v3:foton:r4_1_owner_2026_06_12_foton_acquaintance_mechanics:13be05d5ce,foton,process,trial_and_acquaintance,"Для знакомства с форматом можно посмотреть фрагмент онлайн-занятия. Первые занятия можно использовать, чтобы понять, подходит ли курс. При сомнениях можно бесплатно посетить пробное занятие в другой группе — по согласованию с менеджером. Постоянного бесплатного формата нет.",low,document_verified,,2026-12-31,False,answer_source,False
fact:v3:foton:r4_1_owner_2026_06_12_foton_midyear_entry_payment_and_records:61908edaa2,foton,process,regular_courses_2026_27,Присоединиться можно в течение года. Оплата по семестрам: при записи до конца календарного 2026 года — полная стоимость; с января — 50% полной стоимости курса. Пройденный материал доступен в записях. Заявление на перерасчёт не требуется.,low,document_verified,,2026-12-31,False,answer_source,False
fact:v3:foton:r4_1_owner_2026_06_12_foton_organization_payment_invoice:70de4a3393,foton,process,payment_methods,Можно оплатить от организации: выставим счёт. Понадобится заключить договор и прислать карточку организации. Две квитанции на два предмета — можно.,low,document_verified,,2026-12-31,False,answer_source,False
fact:v3:foton:r4_owner_2026_06_11_foton_center_visit_by_appointment:813095a701,foton,process,contacts_and_visits,Визит в центр Фотона организуем по предварительной записи: подберём время и сотрудника филиала для встречи.,low,document_verified,,2026-12-31,False,answer_source,False
fact:v3:foton:r4_owner_2026_06_11_foton_midyear_new_student_curator_support:0d82e9a8b3,foton,process,regular_courses_2026_27,"Куратор следит, чтобы ученики комфортно и успешно осваивали программу — и в очных филиалах, и в онлайн-группах.",low,document_verified,,2026-12-31,False,answer_source,False
fact:v3:foton:r4_owner_2026_06_11_foton_online_platform_transition:fcaf1d7d0d,foton,process,online_platform_2026,"С лета 2026 онлайн-занятия проходят на платформе SohoLMS. Курсы, начавшиеся до лета 2026, завершаются в MTS-Link.",low,document_verified,,2027-08-31,False,answer_source,False
fact:v3:foton:kb_v6_5_client_safe_facts_2026_06_03_lesson_format_client_safe_text:45828c3f85,foton,program,kb_v6_5_client_safe_facts_2026_06_03,"Занятия проходят в формате семинара: теория и практика вместе. Преподаватель в мини-группе разбирает задачи с учениками, есть интерактив с вопросами. Бывает этап индивидуальной работы: пока все решают свои задания, преподаватель подходит к каждому на несколько минут.",low,document_verified,,2026-12-31,False,manager_review_required,False
fact:v3:foton:kb_v6_6_client_safe_facts_2026_06_08_attendance_makeup_other_group_client_safe_text:e673afccdc,foton,program,kb_v6_6_client_safe_facts_2026_06_08,"Фотон: пропущенное занятие можно отработать в другой группе, подходящей по времени и уровню; тема занятия может отличаться. Справка для отработки не обязательна.",low,document_verified,,2026-12-31,False,manager_review_required,False
fact:v3:foton:kb_v6_6_client_safe_facts_2026_06_08_attendance_online_instead_offline_exception_2026_27_client_safe_text:caf1a6b385,foton,program,kb_v6_6_client_safe_facts_2026_06_08,Фотон: подключиться к онлайн-занятию вместо очного нельзя; исключение — пропуск 4 и более занятий подряд по болезни.,low,document_verified,,2026-12-31,False,manager_review_required,False
fact:v3:foton:kb_v6_6_client_safe_facts_2026_06_08_entrance_test_results_delivery_client_safe_text:03d369f217,foton,program,kb_v6_6_client_safe_facts_2026_06_08,Фотон: результаты вступительного теста появляются в той же тестовой форме в течение недели; по запросу вышлем их вручную.,low,document_verified,,2026-12-31,False,manager_review_required,False
fact:v3:foton:kb_v6_6_client_safe_facts_2026_06_08_homework_check_always_checked_client_safe_text:6097b27e69,foton,program,kb_v6_6_client_safe_facts_2026_06_08,Фотон: домашние задания всегда проверяются.,low,document_verified,,2026-12-31,False,manager_review_required,False
fact:v3:foton:kb_v6_6_client_safe_facts_2026_06_08_materials_handouts_default_client_safe_text:af494216a3,foton,program,kb_v6_6_client_safe_facts_2026_06_08,"Фотон: раздаточных конспектов по умолчанию нет: есть чат с преподавателем для домашних заданий и материалов, на части курсов — методички.",low,document_verified,,2026-12-31,True,manager_review_required,False
fact:v3:foton:kb_v6_6_client_safe_facts_2026_06_08_offline_first_lesson_diagnostic_check_client_safe_text:0946974a13,foton,program,kb_v6_6_client_safe_facts_2026_06_08,Фотон: на первом очном занятии возможна устная беседа или небольшая контрольная; с собой лучше взять решения вступительного теста.,low,document_verified,,2026-12-31,False,manager_review_required,False
fact:v3:foton:kb_v6_6_client_safe_facts_2026_06_08_offline_groups_levels_client_safe_text:0b5bcd0df2,foton,program,kb_v6_6_client_safe_facts_2026_06_08,"Фотон: очные группы делятся по уровням: базовый, продвинутый и олимпиадный. Разница — в темпе, сложности задач и времени на повторение.",low,document_verified,,2026-12-31,False,manager_review_required,False
fact:v3:foton:kb_v6_6_client_safe_facts_2026_06_08_offline_phys_tech_no_separate_groups_foton_2026_27_client_safe_text:cf2c7cd2c2,foton,program,kb_v6_6_client_safe_facts_2026_06_08,"Фотон: отдельных очных групп «Физтех» нет — олимпиадные группы идут внутри общего расписания. Продвинутые и базовые группы отличаются темпом, сложностью задач и временем на повторение; планы по темам почти одинаковые.",low,document_verified,,2026-12-31,False,manager_review_required,False
fact:v3:foton:objection_responses_brand_link_question_approved_response:4054dd4bc6,foton,program,objection_responses,"Это отдельные организации, по вашему вопросу сориентирую в рамках текущего учебного центра.",low,document_verified,,2027-08-31,False,manager_review_required,False
fact:v3:foton:objection_responses_brand_link_question_followup_phrase:700227ca83,foton,program,objection_responses,"Я могу подсказать только про ЦДПО Фотон и, к сожалению, не владею информацией про другие организации.",low,document_verified,,2027-08-31,False,manager_review_required,False
fact:v3:foton:objection_responses_inconvenient_time_1:059cef1760,foton,program,objection_responses,Разные слоты выходных.,low,document_verified,,2027-08-31,False,manager_review_required,False
fact:v3:foton:objection_responses_inconvenient_time_2:d3a769acb5,foton,program,objection_responses,Онлайн с записью.,low,document_verified,,2027-08-31,False,manager_review_required,False
fact:v3:foton:objection_responses_is_it_bot:b000a32ca7,foton,program,objection_responses,"Я помощник менеджера, помогу с вопросом или передам коллеге.",low,document_verified,,2027-08-31,False,manager_review_required,False
fact:v3:foton:objection_responses_too_expensive_course_1:1112ab5685,foton,program,objection_responses,20% на 2-й предмет очно или 30% онлайн.,low,document_verified,,2027-08-31,False,manager_review_required,False
fact:v3:foton:objection_responses_too_expensive_course_2:61d1971870,foton,program,objection_responses,Многодетным 10%.,low,document_verified,,2027-08-31,False,manager_review_required,False
fact:v3:foton:objection_responses_too_expensive_course_4:bb1daf584f,foton,program,objection_responses,Можно рассрочка через Т-Банк.,low,document_verified,,2027-08-31,False,manager_review_required,False
fact:v3:foton:online_platform_levels_1:1b8b64ca05,foton,program,online_platform,Фотон: на онлайн-платформе есть уровень обучения: базовый.,low,document_verified,,2027-08-31,False,manager_review_required,False
fact:v3:foton:online_platform_levels_2:ff04b2ccdc,foton,program,online_platform,Фотон: на онлайн-платформе есть уровень обучения: продвинутый.,low,document_verified,,2027-08-31,False,manager_review_required,False
fact:v3:foton:online_platform_levels_3:128fe252ea,foton,program,online_platform,Фотон: на онлайн-платформе есть уровень обучения: олимпиадный.,low,document_verified,,2027-08-31,False,manager_review_required,False
fact:v3:foton:online_platform_offline_group_size:6581fbaeef,foton,program,online_platform,"Фотон: онлайн-платформа, очно — 6-12 человек.",low,document_verified,,2027-08-31,True,manager_review_required,False
fact:v3:foton:online_platform_recording:c7ca137a13,foton,program,online_platform,Фотон: на онлайн-платформе доступны записи занятий.,low,document_verified,,2027-08-31,False,manager_review_required,False
fact:v3:foton:online_platform_recording_client_safe_text:3ef34112f0,foton,program,online_platform,Онлайн-записи занятий сохраняются и доступны для пересмотра.,low,document_verified,,2027-08-31,False,manager_review_required,False
fact:v3:foton:online_platform_trial_fragment_client_safe_text:9817077c84,foton,program,online_platform,По онлайн-формату можем прислать вам фрагмент занятия — посмотреть подачу и уровень; условия просмотра подтвердит менеджер.,low,document_verified,,2027-08-31,False,manager_review_required,False
fact:v3:foton:owner_2026_08_13_foton_summer_schools_2026_enrollment_closed:0ab8badc51,foton,program,summer_schools_2026,Фотон: набор на летние школы 2026 года завершён.,low,document_verified,2026-08-13,2027-05-31,False,answer_source,False
fact:v3:foton:presentation_format_facts_2026_05_21_client_facts_age_goals_client_safe_text:32002e892f,foton,program,presentation_format_facts_2026_05_21,"Цели по возрастам разные: в 3-4 классах — интерес к предмету и логика; в 5-6 — математическая культура, сильные школы и элементы олимпиад; в 7-8 — глубокая проработка и поступление в сильные школы; в 9-11 — подготовка к ОГЭ/ЕГЭ; олимпиадные группы готовят к перечневым олимпиадам.",low,document_verified,,2026-12-31,False,manager_review_required,False
fact:v3:foton:presentation_format_facts_2026_05_21_client_facts_attendance_tracking_client_safe_text:ada99cbf17,foton,program,presentation_format_facts_2026_05_21,"По очным занятиям следят за посещаемостью: если ребёнок пропускает 2 занятия подряд без предупреждения, администратор связывается с родителями.",low,document_verified,,2026-12-31,False,manager_review_required,False
fact:v3:foton:presentation_format_facts_2026_05_21_client_facts_course_rules_safe_client_safe_text:6b1555459e,foton,program,presentation_format_facts_2026_05_21,"На онлайн- и очных занятиях есть правила поведения и цифровой этикет. Это нужно, чтобы детям было комфортно учиться, задавать вопросы и не отвлекаться.",low,document_verified,,2026-12-31,False,manager_review_required,False
fact:v3:foton:presentation_format_facts_2026_05_21_client_facts_knowledge_control_client_safe_text:0186779bbb,foton,program,presentation_format_facts_2026_05_21,"Контроль знаний строится не только на занятиях: есть вступительное и финальное тестирование, контрольные срезы примерно раз в 2-3 месяца, обратная связь от преподавателя в личном кабинете в течение 2 недель. Для 9-11 классов предусмотрены пробные экзамены 2 раза в год, для 3-8 классов — олимпиадные активности.",low,document_verified,,2026-12-31,True,manager_review_required,False
fact:v3:foton:presentation_format_facts_2026_05_21_client_facts_lesson_load_by_age_client_safe_text:ab68324086,foton,program,presentation_format_facts_2026_05_21,В Фотоне нагрузка зависит от класса и формата: для 5-11 классов обычно 1 занятие в неделю по 3 академических часа (очное занятие длится около 2 часов); для младших очных групп и онлайн-групп 3-4 классов — по 2 академических часа.,low,document_verified,,2026-12-31,False,manager_review_required,False
fact:v3:foton:presentation_format_facts_2026_05_21_client_facts_levels_explained_client_safe_text:d4309fdd2f,foton,program,presentation_format_facts_2026_05_21,"В Фотоне есть три уровня подготовки: базовый — закрыть пробелы и уверенно идти по школьной программе; продвинутый — углублённая программа и темы за пределами школы с элементами олимпиад; олимпиадный — подготовка к перечневым олимпиадам и более сложным задачам. Уровень группы можно поменять, если ребёнку будет слишком легко или сложно.",low,document_verified,,2026-12-31,False,manager_review_required,False
fact:v3:foton:presentation_format_facts_2026_05_21_client_facts_offline_lesson_format_client_safe_text:36f31bfc13,foton,program,presentation_format_facts_2026_05_21,"Очные занятия проходят как семинары: теория и практика, разбор у доски, самостоятельная работа, конспекты. Домашнее задание задаётся не всегда, а когда оно действительно нужно для закрепления материала.",low,document_verified,,2026-12-31,False,manager_review_required,False
fact:v3:foton:presentation_format_facts_2026_05_21_client_facts_offline_organization_client_safe_text:5c4857dc3e,foton,program,presentation_format_facts_2026_05_21,"Перед очным стартом дату, время, адрес и кабинет присылают отдельным письмом. Основной канал информирования — email; Telegram-чаты с преподавателем и администратором обычно подключают на 2-м занятии. С собой нужны письменные принадлежности и тетрадь.",low,document_verified,,2026-12-31,False,manager_review_required,False
fact:v3:foton:presentation_format_facts_2026_05_21_client_facts_online_lesson_format_client_safe_text:624665a97f,foton,program,presentation_format_facts_2026_05_21,"Онлайн-занятия проходят в формате вебинаров на SohoLMS: ученики задают вопросы в чате, преподаватель может вызвать в голосовой или видео-чат, а записи уроков доступны для пересмотра.",low,document_verified,,2026-12-31,False,manager_review_required,False
fact:v3:foton:presentation_format_facts_2026_05_21_client_facts_online_technical_requirements_client_safe_text:899e3feb6c,foton,program,presentation_format_facts_2026_05_21,"Для онлайн-занятий нужен стабильный интернет от 2,5 Мбит/с. Можно подключаться с телефона или планшета через платформу SohoLMS, но полный функционал удобнее на компьютере в Chrome. Если есть техническая проблема, можно написать @support в чате занятия.",low,document_verified,,2026-12-31,False,manager_review_required,False
fact:v3:foton:presentation_format_facts_2026_05_21_client_facts_parent_access_offline_client_safe_text:aaeb3c1109,foton,program,presentation_format_facts_2026_05_21,"Вход родителей в здание школы может быть ограничен правилами площадки, поэтому ожидание обычно организуют рядом с площадкой.",low,document_verified,,2026-12-31,False,manager_review_required,False
fact:v3:foton:presentation_format_facts_2026_05_21_client_facts_placement_and_first_feedback_client_safe_text:c974c60649,foton,program,presentation_format_facts_2026_05_21,"До старта ребёнок проходит вступительное тестирование и заполняет анкету — это помогает подобрать группу и адаптировать программу. Первые 3-4 занятия преподаватель оценивает уровень и мотивацию, после чего можно дать первую обратную связь и при необходимости обсудить переход в другую группу.",low,document_verified,,2026-12-31,False,manager_review_required,False
fact:v3:foton:presentation_format_facts_2026_05_21_client_facts_student_account_access_client_safe_text:5eede14544,foton,program,presentation_format_facts_2026_05_21,"У ученика есть личный кабинет на учебной платформе. Если пароль забыт, его восстанавливают через кнопку «Забыли пароль»; центр не видит пароли учеников и не может назвать старый пароль.",low,document_verified,,2026-12-31,False,manager_review_required,False
fact:v3:foton:presentation_format_facts_2026_05_21_client_facts_subjects_by_class_client_safe_text:5cd9ced49c,foton,program,presentation_format_facts_2026_05_21,"По предметам в Фотоне: онлайн есть математика для 3-11 классов, информатика для 5-11 классов, физика для 7-11 классов; очно есть математика для 3-11 классов, информатика для 5-11 классов, физика для 5-11 классов и русский язык для 9-11 классов.",low,document_verified,,2026-12-31,False,manager_review_required,False
fact:v3:foton:r4_1_owner_2026_06_12_foton_author_program_not_single_textbook:cd9d5ec9a3,foton,program,regular_courses_2026_27,"Занятия идут по авторской сборной программе центра, а не по одному школьному учебнику. При необходимости преподаватель порекомендует дополнительные пособия.",low,document_verified,,2026-12-31,False,answer_source,False
fact:v3:foton:r4_1_owner_2026_06_12_foton_individual_lessons_request:a64f3b794c,foton,program,individual_lessons,Индивидуальные занятия возможны по запросу — детали и стоимость подскажет менеджер.,low,document_verified,,2027-08-31,False,manager_review_required,False
fact:v3:foton:r4_1_owner_2026_06_12_foton_m11_online_math_ege_product:3b4266eb11,foton,program,m11_online_math_ege,"М11 — онлайн-подготовка к ЕГЭ по математике для 11 класса: 6 модулей по 5-6 недель, всего 35 недель занятий. В составе: живые вебинары, видео-разборы, конспекты, банк задач, домашние задания с проверкой, входная и выходная диагностика, закрытый чат, наставник и куратор, психологическая поддержка.",low,document_verified,,2026-12-31,False,answer_source,False
fact:v3:foton:r4_1_owner_2026_06_12_foton_m9_online_math_oge_product:7885ee97d6,foton,program,m9_online_math_oge,"М9 — онлайн-подготовка к ОГЭ по математике для 9 класса: 6 модулей по 5-6 недель, всего 35 недель занятий. Цель — уверенная сдача ОГЭ на 5, включая задания 24-25, и развитие стратегического мышления. В составе: живые вебинары, видео-разборы, конспекты, банк задач, домашние задания с проверкой, входная и выходная диагностика, закрытый чат, наставник и куратор, психологическая поддержка.",low,document_verified,,2026-12-31,False,answer_source,False
fact:v3:foton:r4_owner_2026_06_11_foton_subject_lineup_2026_27:34cf420428,foton,program,regular_courses_2026_27,"По предметам доступны математика, физика, информатика (включая программирование); русский язык — только для 9 класса (ОГЭ) и 10–11 классов (ЕГЭ). С учебного года 2026/27 добавляется курс искусственного интеллекта.",low,document_verified,,2026-12-31,False,answer_source,False
fact:v3:foton:results_social_proof_ege_avg_above_country_pts:c223cc5bc2,foton,program,results_social_proof,Фотон: средний результат ЕГЭ у учеников выше среднего по стране на 25 баллов.,low,document_verified,,2026-12-31,False,manager_review_required,False
fact:v3:foton:results_social_proof_industry_rating_2025:6b3eb96f4c,foton,program,results_social_proof,Фотон: в рейтинге 2025 года указан статус «Лидер отрасли 2025».,low,document_verified,,2026-12-31,False,manager_review_required,False
fact:v3:foton:results_social_proof_oge_grade_5_pct:7df0ad3343,foton,program,results_social_proof,Фотон: по текущим данным 92% учеников получили оценку 5 на ОГЭ.,low,document_verified,,2026-12-31,False,manager_review_required,False
fact:v3:foton:results_social_proof_total_students_currently:82172b9da0,foton,program,results_social_proof,Фотон: по текущим данным сейчас обучается более 26 000 учеников.,low,document_verified,,2026-12-31,False,manager_review_required,False
fact:v3:foton:results_social_proof_university_admission_pct:991635cffd,foton,program,results_social_proof,Фотон: по текущим данным 97% выпускников поступили в вузы.,low,document_verified,,2026-12-31,False,manager_review_required,False
fact:v3:foton:owner_schedule_2026_27_foton_group_09ea40bee229c2f9:8eb5e9e022,foton,schedule,schedule_2026_27,"Фотон: актуальная группа — Математика 5 класс - Продвинутый; онлайн; воскресенье онлайн, 12:15-14:15. Точная дата старта группы в источнике не указана.",low,document_verified,2026-08-13,2027-05-31,False,answer_source,True
fact:v3:foton:owner_schedule_2026_27_foton_group_0d68d45267dff48c:47d4d36fde,foton,schedule,schedule_2026_27,"Фотон: актуальная группа — Физика 10 Базовый; Верхняя Красносельская, 30; суббота, 10:00-12:00. Точная дата старта группы в источнике не указана.",low,document_verified,2026-08-13,2027-05-31,False,answer_source,True
fact:v3:foton:owner_schedule_2026_27_foton_group_0d79590d74e6f74c:9b60c5e97f,foton,schedule,schedule_2026_27,"Фотон: актуальная группа — Русский язык ЕГЭ 10-11; Верхняя Красносельская, 30; суббота, 14:30-16:30. Точная дата старта группы в источнике не указана.",low,document_verified,2026-08-13,2027-05-31,False,answer_source,True
fact:v3:foton:owner_schedule_2026_27_foton_group_1836d49f5e7457d3:3da09524ff,foton,schedule,schedule_2026_27,"Фотон: актуальная группа — Математика 6 класс Продв; Верхняя Красносельская, 30; воскресенье, 10:00-12:00. Точная дата старта группы в источнике не указана.",low,document_verified,2026-08-13,2027-05-31,False,answer_source,True
fact:v3:foton:owner_schedule_2026_27_foton_group_191d20ce0ba62ddb:9c6e50b856,foton,schedule,schedule_2026_27,"Фотон: актуальная группа — Физика 9 класс Продвинутый; Верхняя Красносельская, 30; суббота, 10:00-12:00. Точная дата старта группы в источнике не указана.",low,document_verified,2026-08-13,2027-05-31,False,answer_source,True
fact:v3:foton:owner_schedule_2026_27_foton_group_19f30df3f6a341d1:9db9e8a513,foton,schedule,schedule_2026_27,"Фотон: актуальная группа — Физика 7 класс Продвинутый; Верхняя Красносельская, 30; воскресенье, 14:30-16:30. Точная дата старта группы в источнике не указана.",low,document_verified,2026-08-13,2027-05-31,False,answer_source,True
fact:v3:foton:owner_schedule_2026_27_foton_group_1a3bbbbe731a0dc3:6775826c05,foton,schedule,schedule_2026_27,"Фотон: актуальная группа — Информатика 8 Продвинутый; Верхняя Красносельская, 30; воскресенье, 12:15-14:15. Точная дата старта группы в источнике не указана.",low,document_verified,2026-08-13,2027-05-31,False,answer_source,True
fact:v3:foton:owner_schedule_2026_27_foton_group_2550ba337b3d2286:f1681253d4,foton,schedule,schedule_2026_27,"Фотон: актуальная группа — Информатика 7 Продвинутый; Верхняя Красносельская, 30; воскресенье, 10:00-12:00. Точная дата старта группы в источнике не указана.",low,document_verified,2026-08-13,2027-05-31,False,answer_source,True
fact:v3:foton:owner_schedule_2026_27_foton_group_28f46db68d57a95b:cd52505229,foton,schedule,schedule_2026_27,"Фотон: актуальная группа — Информатика 7-8; онлайн; воскресенье онлайн, 10:00-12:00. Точная дата старта группы в источнике не указана.",low,document_verified,2026-08-13,2027-05-31,False,answer_source,True
fact:v3:foton:owner_schedule_2026_27_foton_group_2ce9d4f22ac763a2:038bf7c1c8,foton,schedule,schedule_2026_27,"Фотон: актуальная группа — Физика 9 класс Базовый; Верхняя Красносельская, 30; суббота, 14:30-16:30. Точная дата старта группы в источнике не указана.",low,document_verified,2026-08-13,2027-05-31,False,answer_source,True
fact:v3:foton:owner_schedule_2026_27_foton_group_2fad39c54e687728:edc0df527b,foton,schedule,schedule_2026_27,"Фотон: актуальная группа — Математика 10 класс Продвинутый; Верхняя Красносельская, 30; суббота, 12:15-14:15. Точная дата старта группы в источнике не указана.",low,document_verified,2026-08-13,2027-05-31,False,answer_source,True
fact:v3:foton:owner_schedule_2026_27_foton_group_349bf34cae045cfe:b4fddbe450,foton,schedule,schedule_2026_27,"Фотон: актуальная группа — Физика 7; онлайн; воскресенье онлайн, 12:15-14:15. Точная дата старта группы в источнике не указана.",low,document_verified,2026-08-13,2027-05-31,False,answer_source,True
fact:v3:foton:owner_schedule_2026_27_foton_group_34bfef5be982a1a2:3665363e59,foton,schedule,schedule_2026_27,"Фотон: актуальная группа — Физика 11 класс Продвинутый; Верхняя Красносельская, 30; суббота, 12:15-14:15. Точная дата старта группы в источнике не указана.",low,document_verified,2026-08-13,2027-05-31,False,answer_source,True
fact:v3:foton:owner_schedule_2026_27_foton_group_4056a0d54415648b:e20f168fdc,foton,schedule,schedule_2026_27,"Фотон: актуальная группа — Математика 10; онлайн; воскресенье онлайн, 14:30-16:30. Точная дата старта группы в источнике не указана.",low,document_verified,2026-08-13,2027-05-31,False,answer_source,True
fact:v3:foton:owner_schedule_2026_27_foton_group_48f9e3101158d423:4e45ceae7e,foton,schedule,schedule_2026_27,"Фотон: актуальная группа — Физика 8 класс; онлайн; воскресенье онлайн, 14:30-16:30. Точная дата старта группы в источнике не указана.",low,document_verified,2026-08-13,2027-05-31,False,answer_source,True
fact:v3:foton:owner_schedule_2026_27_foton_group_4a6e01963ebf1ac1:65a638ba60,foton,schedule,schedule_2026_27,"Фотон: актуальная группа — Физика ОГЭ 9; онлайн; суббота онлайн, 14:30-16:30. Точная дата старта группы в источнике не указана.",low,document_verified,2026-08-13,2027-05-31,False,answer_source,True
fact:v3:foton:owner_schedule_2026_27_foton_group_4e3b93a25fd4bdf6:0a33d61341,foton,schedule,schedule_2026_27,"Фотон: актуальная группа — Математика 8 класс Продвинутый; Верхняя Красносельская, 30; воскресенье, 14:30-16:30. Точная дата старта группы в источнике не указана.",low,document_verified,2026-08-13,2027-05-31,False,answer_source,True
fact:v3:foton:owner_schedule_2026_27_foton_group_53f0c648e11a92d6:20cac0f2d6,foton,schedule,schedule_2026_27,"Фотон: актуальная группа — Математика 11 класс Продвинутый; Верхняя Красносельская, 30; суббота, 10:00-12:00. Точная дата старта группы в источнике не указана.",low,document_verified,2026-08-13,2027-05-31,False,answer_source,True
fact:v3:foton:owner_schedule_2026_27_foton_group_553e0d68d76e270d:2c0e8cc2f6,foton,schedule,schedule_2026_27,"Фотон: актуальная группа — Математика 8 класс - Продвинутый; онлайн; суббота онлайн, 14:30-16:30. Точная дата старта группы в источнике не указана.",low,document_verified,2026-08-13,2027-05-31,False,answer_source,True
fact:v3:foton:owner_schedule_2026_27_foton_group_5d720c55e5119514:c020749161,foton,schedule,schedule_2026_27,"Фотон: актуальная группа — Математика ОГЭ 9; онлайн; суббота онлайн, 12:15-14:15. Точная дата старта группы в источнике не указана.",low,document_verified,2026-08-13,2027-05-31,False,answer_source,True
fact:v3:foton:owner_schedule_2026_27_foton_group_63940149e7f84ab8:189ddeb1dd,foton,schedule,schedule_2026_27,"Фотон: актуальная группа — Математика 6 класс - Продвинутый; онлайн; воскресенье онлайн, 10:00-12:00. Точная дата старта группы в источнике не указана.",low,document_verified,2026-08-13,2027-05-31,False,answer_source,True
fact:v3:foton:owner_schedule_2026_27_foton_group_641c7b461c9d7d24:76995a2399,foton,schedule,schedule_2026_27,"Фотон: актуальная группа — Математика 7 класс Продвинутый; Верхняя Красносельская, 30; воскресенье, 12:15-14:15. Точная дата старта группы в источнике не указана.",low,document_verified,2026-08-13,2027-05-31,False,answer_source,True
fact:v3:foton:owner_schedule_2026_27_foton_group_66ff8421815871bc:292920f6cc,foton,schedule,schedule_2026_27,"Фотон: актуальная группа — Русский язык 9 ОГЭ; онлайн; воскресенье онлайн, 16:45-18:45. Точная дата старта группы в источнике не указана.",low,document_verified,2026-08-13,2027-05-31,False,answer_source,True
fact:v3:foton:owner_schedule_2026_27_foton_group_6f9789b9d6439bac:a45ea39c7f,foton,schedule,schedule_2026_27,"Фотон: актуальная группа — Физика 10 Олимп; онлайн; воскресенье онлайн, 14:30-16:30. Точная дата старта группы в источнике не указана.",low,document_verified,2026-08-13,2027-05-31,False,answer_source,True
fact:v3:foton:owner_schedule_2026_27_foton_group_717cd18d0fe4b9fc:b3d33dbe62,foton,schedule,schedule_2026_27,"Фотон: актуальная группа — Математика 7 класс - Продвинутый; онлайн; суббота онлайн, 12:15-14:15. Точная дата старта группы в источнике не указана.",low,document_verified,2026-08-13,2027-05-31,False,answer_source,True
fact:v3:foton:owner_schedule_2026_27_foton_group_7c1a6df4dc307d71:eb11e3c881,foton,schedule,schedule_2026_27,"Фотон: актуальная группа — Математика 5 класс Продв; Верхняя Красносельская, 30; воскресенье, 12:15-14:15. Точная дата старта группы в источнике не указана.",low,document_verified,2026-08-13,2027-05-31,False,answer_source,True
fact:v3:foton:owner_schedule_2026_27_foton_group_7d08e2d3b12e39bb:0f7192c6f6,foton,schedule,schedule_2026_27,"Фотон: актуальная группа — Математика 11 ЕГЭ; онлайн; воскресенье онлайн, 12:15-14:15. Точная дата старта группы в источнике не указана.",low,document_verified,2026-08-13,2027-05-31,False,answer_source,True
fact:v3:foton:owner_schedule_2026_27_foton_group_7dccdcbe7f9cfc53:27a994e948,foton,schedule,schedule_2026_27,"Фотон: актуальная группа — Информатика 6; онлайн; воскресенье онлайн, 12:15-14:15. Точная дата старта группы в источнике не указана.",low,document_verified,2026-08-13,2027-05-31,False,answer_source,True
fact:v3:foton:owner_schedule_2026_27_foton_group_7fdcf979d04bc7eb:0a98a99b69,foton,schedule,schedule_2026_27,"Фотон: актуальная группа — Математика 9 Олимп; онлайн; воскресенье онлайн, 16:45-18:45. Точная дата старта группы в источнике не указана.",low,document_verified,2026-08-13,2027-05-31,False,answer_source,True
fact:v3:foton:owner_schedule_2026_27_foton_group_81d4d1529b96dda1:266a77ef39,foton,schedule,schedule_2026_27,"Фотон: актуальная группа — Физика 5-6 класс; Верхняя Красносельская, 30; воскресенье, 12:15-14:15. Точная дата старта группы в источнике не указана.",low,document_verified,2026-08-13,2027-05-31,False,answer_source,True
fact:v3:foton:owner_schedule_2026_27_foton_group_85faf8a85dfad02c:20784e840b,foton,schedule,schedule_2026_27,"Фотон: актуальная группа — Русский язык ЕГЭ 10-11; онлайн; воскресенье онлайн, 14:30-16:30. Точная дата старта группы в источнике не указана.",low,document_verified,2026-08-13,2027-05-31,False,answer_source,True
fact:v3:foton:owner_schedule_2026_27_foton_group_86e4752e117cfd49:a5451f9f01,foton,schedule,schedule_2026_27,"Фотон: актуальная группа — Физика 9 Олимп; онлайн; суббота онлайн, 16:45-18:45. Точная дата старта группы в источнике не указана.",low,document_verified,2026-08-13,2027-05-31,False,answer_source,True
fact:v3:foton:owner_schedule_2026_27_foton_group_90767093c3baad57:73b929d6f7,foton,schedule,schedule_2026_27,"Фотон: актуальная группа — Математика 4 класс; онлайн; суббота онлайн, 12:15-14:15. Точная дата старта группы в источнике не указана.",low,document_verified,2026-08-13,2027-05-31,False,answer_source,True
fact:v3:foton:owner_schedule_2026_27_foton_group_9125d61ea72974aa:8680288563,foton,schedule,schedule_2026_27,"Фотон: актуальная группа — Математика 11 класс Базовый; Верхняя Красносельская, 30; суббота, 10:00-12:00. Точная дата старта группы в источнике не указана.",low,document_verified,2026-08-13,2027-05-31,False,answer_source,True
fact:v3:foton:owner_schedule_2026_27_foton_group_936d02ff40717ad1:2c528c67da,foton,schedule,schedule_2026_27,"Фотон: актуальная группа — Информатика 10; онлайн; воскресенье онлайн, 14:30-16:30. Точная дата старта группы в источнике не указана.",low,document_verified,2026-08-13,2027-05-31,False,answer_source,True
fact:v3:foton:owner_schedule_2026_27_foton_group_9d9f120edf462cee:97aaba50bb,foton,schedule,schedule_2026_27,"Фотон: актуальная группа — Математика 3-4 класс Олимп; Верхняя Красносельская, 30; воскресенье, 12:15-14:15. Точная дата старта группы в источнике не указана.",low,document_verified,2026-08-13,2027-05-31,False,answer_source,True
fact:v3:foton:owner_schedule_2026_27_foton_group_9edf4b579d55886d:090685dc10,foton,schedule,schedule_2026_27,"Фотон: актуальная группа — Информатика 5-6; Верхняя Красносельская, 30; воскресенье, 14:30-16:30. Точная дата старта группы в источнике не указана.",low,document_verified,2026-08-13,2027-05-31,False,answer_source,True
fact:v3:foton:owner_schedule_2026_27_foton_group_a2f9662e8923e48a:d3d570a05c,foton,schedule,schedule_2026_27,"Фотон: актуальная группа — Математика 3-4 класс Базовый; Верхняя Красносельская, 30; воскресенье, 10:00-12:00. Точная дата старта группы в источнике не указана.",low,document_verified,2026-08-13,2027-05-31,False,answer_source,True
fact:v3:foton:owner_schedule_2026_27_foton_group_aa0e76ca8567c3dd:ff2dd36aa7,foton,schedule,schedule_2026_27,"Фотон: актуальная группа — Математика 9 класс Продвинутый; Верхняя Красносельская, 30; суббота, 14:30-16:30. Точная дата старта группы в источнике не указана.",low,document_verified,2026-08-13,2027-05-31,False,answer_source,True
fact:v3:foton:owner_schedule_2026_27_foton_group_aaff700a530a6540:9d91143432,foton,schedule,schedule_2026_27,"Фотон: актуальная группа — Физика 11 ЕГЭ; онлайн; воскресенье онлайн, 10:00-12:00. Точная дата старта группы в источнике не указана.",low,document_verified,2026-08-13,2027-05-31,False,answer_source,True
fact:v3:foton:owner_schedule_2026_27_foton_group_b1886424d0df6e62:4e42da8184,foton,schedule,schedule_2026_27,"Фотон: актуальная группа — Информатика ОГЭ 9; онлайн; суббота онлайн, 10:00-12:00. Точная дата старта группы в источнике не указана.",low,document_verified,2026-08-13,2027-05-31,False,answer_source,True
fact:v3:foton:owner_schedule_2026_27_foton_group_c7087b6c49e26c64:5780d3032a,foton,schedule,schedule_2026_27,"Фотон: актуальная группа — Информатика ЕГЭ (10 и 11 класс); онлайн; воскресенье онлайн, 16:45-18:45. Точная дата старта группы в источнике не указана.",low,document_verified,2026-08-13,2027-05-31,False,answer_source,True
fact:v3:foton:owner_schedule_2026_27_foton_group_c776990d3c208584:3c4ecc7d21,foton,schedule,schedule_2026_27,"Фотон: актуальная группа — Математика 8 класс Продвинутый; Верхняя Красносельская, 30; воскресенье, 12:15-14:15. Точная дата старта группы в источнике не указана.",low,document_verified,2026-08-13,2027-05-31,False,answer_source,True
fact:v3:foton:owner_schedule_2026_27_foton_group_cbd1af88a0addcc1:7b6f473039,foton,schedule,schedule_2026_27,"Фотон: актуальная группа — Математика 3-4 класс Олимп; Верхняя Красносельская, 30; воскресенье, 14:30-16:30. Точная дата старта группы в источнике не указана.",low,document_verified,2026-08-13,2027-05-31,False,answer_source,True
fact:v3:foton:owner_schedule_2026_27_foton_group_d31802b7ac388a59:796a8ea24f,foton,schedule,schedule_2026_27,"Фотон: актуальная группа — Математика 3 класс; онлайн; суббота онлайн, 10:00-12:00. Точная дата старта группы в источнике не указана.",low,document_verified,2026-08-13,2027-05-31,False,answer_source,True
fact:v3:foton:owner_schedule_2026_27_foton_group_d7d9db720dadfbeb:d752f7667f,foton,schedule,schedule_2026_27,"Фотон: актуальная группа — Информатика 10-11; Верхняя Красносельская, 30; суббота, 12:15-14:15. Точная дата старта группы в источнике не указана.",low,document_verified,2026-08-13,2027-05-31,False,answer_source,True
fact:v3:foton:owner_schedule_2026_27_foton_group_dc9f83ac76e02721:fbbfca2aa0,foton,schedule,schedule_2026_27,"Фотон: актуальная группа — Математика 9 класс Продвинутый; Верхняя Красносельская, 30; суббота, 12:15-14:15. Точная дата старта группы в источнике не указана.",low,document_verified,2026-08-13,2027-05-31,False,answer_source,True
fact:v3:foton:owner_schedule_2026_27_foton_group_de14ae32b76e7043:aa63c6dfa8,foton,schedule,schedule_2026_27,"Фотон: актуальная группа — Математика 5 Олимп; онлайн; воскресенье онлайн, 12:15-14:15. Точная дата старта группы в источнике не указана.",low,document_verified,2026-08-13,2027-05-31,False,answer_source,True
fact:v3:foton:owner_schedule_2026_27_foton_group_e937907f7eabcbdd:4965963b3d,foton,schedule,schedule_2026_27,"Фотон: актуальная группа — Математика 10 Олимп; онлайн; суббота онлайн, 14:30-16:30. Точная дата старта группы в источнике не указана.",low,document_verified,2026-08-13,2027-05-31,False,answer_source,True
fact:v3:foton:owner_schedule_2026_27_foton_group_e9657390b5cc81bd:b6051a16bc,foton,schedule,schedule_2026_27,"Фотон: актуальная группа — Математика 3-4 класс Продв; Верхняя Красносельская, 30; воскресенье, 12:15-14:15. Точная дата старта группы в источнике не указана.",low,document_verified,2026-08-13,2027-05-31,False,answer_source,True
fact:v3:foton:owner_schedule_2026_27_foton_group_ea677b0bf73a0719:02c48f252c,foton,schedule,schedule_2026_27,"Фотон: актуальная группа — Математика 11 Олимп; онлайн; суббота онлайн, 16:45-18:45. Точная дата старта группы в источнике не указана.",low,document_verified,2026-08-13,2027-05-31,False,answer_source,True
fact:v3:foton:owner_schedule_2026_27_foton_group_ea981576cf31d37d:1a3e47604b,foton,schedule,schedule_2026_27,"Фотон: актуальная группа — Информатика 10-11; Верхняя Красносельская, 30; суббота, 14:30-16:30. Точная дата старта группы в источнике не указана.",low,document_verified,2026-08-13,2027-05-31,False,answer_source,True
fact:v3:foton:owner_schedule_2026_27_foton_group_ed8c0da743733a0e:437630f40c,foton,schedule,schedule_2026_27,"Фотон: актуальная группа — Русский язык ОГЭ; Верхняя Красносельская, 30; суббота, 12:15-14:15. Точная дата старта группы в источнике не указана.",low,document_verified,2026-08-13,2027-05-31,False,answer_source,True
fact:v3:foton:owner_schedule_2026_27_foton_group_eec566b5492dc3ac:c9815e35e1,foton,schedule,schedule_2026_27,"Фотон: актуальная группа — Физика 10; онлайн; воскресенье онлайн, 12:15-14:15. Точная дата старта группы в источнике не указана.",low,document_verified,2026-08-13,2027-05-31,False,answer_source,True
fact:v3:foton:owner_schedule_2026_27_foton_group_f0accb50c3a24fa9:4df2b58cf4,foton,schedule,schedule_2026_27,"Фотон: актуальная группа — Математика 6 Олимп; онлайн; воскресенье онлайн, 10:00-12:00. Точная дата старта группы в источнике не указана.",low,document_verified,2026-08-13,2027-05-31,False,answer_source,True
fact:v3:foton:owner_schedule_2026_27_foton_group_f1adb33b6ec57123:05e16d8728,foton,schedule,schedule_2026_27,"Фотон: актуальная группа — Физика 11 Олимп; онлайн; воскресенье онлайн, 16:45-18:45. Точная дата старта группы в источнике не указана.",low,document_verified,2026-08-13,2027-05-31,False,answer_source,True
fact:v3:foton:owner_schedule_2026_27_foton_group_f26ef7a5c2e67e8c:a59e25f1ad,foton,schedule,schedule_2026_27,"Фотон: актуальная группа — Математика 7 Олимп; онлайн; воскресенье онлайн, 14:30-16:30. Точная дата старта группы в источнике не указана.",low,document_verified,2026-08-13,2027-05-31,False,answer_source,True
fact:v3:foton:owner_schedule_2026_27_foton_group_f3f22e51c7403240:5d5c6166ce,foton,schedule,schedule_2026_27,"Фотон: актуальная группа — Информатика ОГЭ; Верхняя Красносельская, 30; суббота, 12:15-14:15. Точная дата старта группы в источнике не указана.",low,document_verified,2026-08-13,2027-05-31,False,answer_source,True
fact:v3:foton:owner_schedule_2026_27_foton_group_f82a82d7076c2cfa:72a2f64029,foton,schedule,schedule_2026_27,"Фотон: актуальная группа — Физика 8 класс Базовый; Верхняя Красносельская, 30; воскресенье, 10:00-12:00. Точная дата старта группы в источнике не указана.",low,document_verified,2026-08-13,2027-05-31,False,answer_source,True
fact:v3:foton:owner_schedule_2026_27_foton_group_fde4d35ce753e407:bbcb15ed73,foton,schedule,schedule_2026_27,"Фотон: актуальная группа — Физика 11 класс Базовый; Верхняя Красносельская, 30; суббота, 12:15-14:15. Точная дата старта группы в источнике не указана.",low,document_verified,2026-08-13,2027-05-31,False,answer_source,True
fact:v3:foton:bot_policy_approved_phrases_theme_17_teachers_foton:a25fd7613b,foton,teacher,theme_17_teachers,"Преподаватели — из МФТИ, МГУ, ВШЭ, МГТУ им. Баумана, МИФИ. Эксперты ЕГЭ, члены жюри олимпиад. Если ребёнку не подойдёт педагог — переведём в другую группу.",low,document_verified,,2026-12-31,False,answer_source,False
fact:v3:unpk:owner_2026_08_13_unpk_lvsh_2027_dates:8ed2779b6f,unpk,camp_lvsh,lvsh_2027,УНПК МФТИ: ЛВШ 2027 проходит 17-27 июля 2027 года.,low,document_verified,2026-08-13,2027-07-27,False,answer_source,False
fact:v3:unpk:owner_2026_08_13_unpk_zvsh_2027_dates:494a1984cc,unpk,camp_zvsh,zvsh_2027,УНПК МФТИ: предварительные даты ЗВШ 2027 — 3-10 января 2027 года.,low,document_verified,2026-08-13,2027-01-10,False,answer_source,False
fact:v3:unpk:tg_unpk_verified_2026_05_21_client_facts_zvsh_subject_hours_client_safe_text:ba35da56a8,unpk,camp_zvsh,tg_unpk_verified_2026_05_21,В зимней выездной школе в Менделеево ориентир программы — около 21 часа физики и около 21 часа математики; дни физики и математики чередуются.,low,document_verified,,2026-12-31,False,answer_source,False
fact:v3:unpk:contacts_unpk_contact_hours_client_safe_text:d49ca776ca,unpk,contact,contacts_unpk,УНПК МФТИ: актуальные часы связи проверьте на официальной странице контактов; по будням и выходным они могут отличаться.,low,document_verified,,2026-12-31,False,manager_review_required,True
fact:v3:unpk:contacts_unpk_email:718d885c77,unpk,contact,contacts_unpk,УНПК: контакты — edu@kmipt.ru.,low,document_verified,,2026-12-31,False,manager_review_required,True
fact:v3:unpk:contacts_unpk_phone:13999567b6,unpk,contact,contacts_unpk,УНПК: контакты — +7 (495) 150-81-51.,low,document_verified,,2026-12-31,False,manager_review_required,True
fact:v3:unpk:contacts_unpk_telegram:eb9ebca792,unpk,contact,contacts_unpk,УНПК: контакты — @unpk_mipt.,low,document_verified,,2026-12-31,False,manager_review_required,True
fact:v3:unpk:contacts_unpk_toll_free:b286b76e62,unpk,contact,contacts_unpk,УНПК: контакты — 8 (800) 500-81-51.,low,document_verified,,2026-12-31,False,manager_review_required,True
fact:v3:unpk:contacts_unpk_website:4df75b17bf,unpk,contact,contacts_unpk,УНПК: контакты — kmipt.ru.,low,document_verified,,2026-12-31,False,manager_review_required,True
fact:v3:unpk:processes_2026_06_10_unpk_contact_channels:a466bc2ef7,unpk,contacts,customer_processes_2026_06_10,"Писать можно в этот чат, на почту edu@kmipt.ru или в Telegram @unpk_mipt. Горячая линия: 8 (800) 500-81-51 и 8 (495) 150-81-51.",low,document_verified,,2026-12-31,False,answer_source,True
fact:v3:unpk:r4_owner_2026_06_11_unpk_main_office_dolgoprudny:b0b46c5338,unpk,contacts,main_office,"Главный офис УНПК: Долгопрудный, Первомайская, д. 3, каб. 401, корпус прикладной математики МФТИ.",low,document_verified,,2026-12-31,False,answer_source,True
fact:v3:unpk:academic_year_2026_27_semester_1_weeks:3ad9021e33,unpk,course_parameter,academic_year_2026_27,УНПК: в первом семестре 2026/27 учебного года 20 недель.,low,document_verified,,2027-08-31,False,manager_review_required,False
fact:v3:unpk:academic_year_2026_27_semester_2_weeks:54d70ef4e2,unpk,course_parameter,academic_year_2026_27,УНПК: во втором семестре 2026/27 учебного года 15 недель.,low,document_verified,,2027-08-31,False,manager_review_required,False
fact:v3:unpk:academic_year_2026_27_start:68812d0d30,unpk,course_parameter,academic_year_2026_27,"УНПК: учебный год 2026/27, старт занятий — 12-27 сентября 2026 в зависимости от площадки.",low,document_verified,,2027-08-31,False,manager_review_required,False
fact:v3:unpk:academic_year_2026_27_start_by_location_mfti_institutsky_9:c9b8640bfb,unpk,course_parameter,academic_year_2026_27,УНПК: учебный год 2026/27 — 20 сентября 2026.,low,document_verified,,2027-08-31,False,manager_review_required,False
fact:v3:unpk:academic_year_2026_27_start_by_location_moscow:34d08ff66d,unpk,course_parameter,academic_year_2026_27,"УНПК: учебный год 2026/27, Москва — 12-13 сентября 2026.",low,document_verified,,2027-08-31,False,manager_review_required,False
fact:v3:unpk:academic_year_2026_27_start_by_location_online:dfd01fcc6e,unpk,course_parameter,academic_year_2026_27,"УНПК: учебный год 2026/27, онлайн — 19-20 сентября 2026.",low,document_verified,,2027-08-31,False,manager_review_required,False
fact:v3:unpk:academic_year_2026_27_start_by_location_patsayeva:22eaf98d78,unpk,course_parameter,academic_year_2026_27,УНПК: учебный год 2026/27 — 26-27 сентября 2026.,low,document_verified,,2027-08-31,False,manager_review_required,False
fact:v3:unpk:academic_year_2026_27_total_lessons:1b5921ba8a,unpk,course_parameter,academic_year_2026_27,"УНПК: учебный год 2026/27, количество занятий за год — 35 занятий.",low,document_verified,,2027-08-31,True,manager_review_required,False
fact:v3:unpk:kb_v6_6_client_safe_facts_2026_06_08_schedule_level_split_parallel_groups_client_safe_text:d79c9dba9d,unpk,course_parameter,kb_v6_6_client_safe_facts_2026_06_08,"УНПК МФТИ: если по расписанию написано «уточняется», это потому что группы делятся по уровню знаний. Возможно, предложим другую группу; постараемся сохранить удобное время, потому что групп в параллели много.",low,document_verified,,2026-12-31,False,manager_review_required,False
fact:v3:unpk:kb_v6_6_client_safe_facts_2026_06_08_study_pause_flexible_schedule_personal_client_safe_text:8a6db04cda,unpk,course_parameter,kb_v6_6_client_safe_facts_2026_06_08,УНПК МФТИ: при личных обстоятельствах можно заморозить обучение или подобрать гибкий график.,low,document_verified,,2026-12-31,False,manager_review_required,False
fact:v3:unpk:payment_options_available_schedules_1_monthly_discount_extra:03546dd049,unpk,course_parameter,installment,УНПК: при помесячной оплате дополнительная скидка не применяется.,low,document_verified,,2027-08-31,False,manager_review_required,False
fact:v3:unpk:payment_options_available_schedules_2_semester_discount_extra:b7e1eae4cd,unpk,course_parameter,installment,УНПК: при оплате за семестр действует дополнительная скидка 10%.,low,document_verified,,2027-08-31,False,manager_review_required,False
fact:v3:unpk:payment_options_available_schedules_3_year_discount_extra:b79113ca97,unpk,course_parameter,installment,УНПК: при оплате за год действует дополнительная скидка 14%.,low,document_verified,,2027-08-31,False,manager_review_required,False
fact:v3:unpk:r4_1_owner_2026_06_12_unpk_schedule_timezone_msk:286b7b3a34,unpk,course_parameter,regular_courses_2026_27,"Время всех занятий указано по московскому времени (МСК) — и онлайн, и очных.",low,document_verified,,2026-12-31,False,answer_source,False
fact:v3:unpk:tg_unpk_verified_2026_05_21_client_facts_blind_children_programs_client_safe_text:cfc766a8cc,unpk,course_parameter,tg_unpk_verified_2026_05_21,Специализированных программ для незрячих детей сейчас нет.,low,document_verified,,2026-12-31,False,manager_review_required,False
fact:v3:unpk:tg_unpk_verified_2026_05_21_client_facts_regular_courses_schedule_publication_client_safe_text:b61250a16b,unpk,course_parameter,tg_unpk_verified_2026_05_21,"По курсам 2026/27 есть опубликованные группы с днями и временем; конкретный вариант зависит от класса, предмета, формата и площадки.",low,document_verified,,2026-12-31,False,manager_review_required,False
fact:v3:unpk:owner_2026_08_13_unpk_discount_mipt_employee:002dadd96c,unpk,discount,regular_courses_2026_27,УНПК МФТИ: скидка 10% для сотрудников МФТИ.,low,document_verified,2026-08-13,2027-05-31,False,answer_source,True
fact:v3:unpk:owner_2026_08_13_unpk_discount_multichild:bc09b0700e,unpk,discount,regular_courses_2026_27,"УНПК МФТИ: скидка 10%, если в семье занимаются несколько детей.",low,document_verified,2026-08-13,2027-05-31,False,answer_source,True
fact:v3:unpk:owner_2026_08_13_unpk_discount_second_subject:17beda6ce9,unpk,discount,regular_courses_2026_27,УНПК МФТИ: скидка 20% на второй и последующие предметы при оплате семестра или года.,low,document_verified,2026-08-13,2027-05-31,False,answer_source,True
fact:v3:unpk:owner_2026_08_13_unpk_referral:608d6816d5,unpk,discount,regular_courses_2026_27,"УНПК МФТИ: по реферальной программе выплачивается 5 000 руб. при условии, что новый ученик пришёл по рекомендации; оформление выплаты проводит менеджер.",low,document_verified,2026-08-13,2027-05-31,False,answer_source,True
fact:v3:unpk:bot_policy_approved_phrases_theme_11_contract_unpk:4c6de35a22,unpk,documents,theme_11_contract,"Договор-оферта придёт на почту вместе с квитанцией после записи; оплата означает согласие. Подскажите, пожалуйста, email для отправки.",medium,document_verified,,2026-12-31,False,answer_source,False
fact:v3:unpk:bot_policy_approved_phrases_theme_12_certificate_unpk:f4316feaf5,unpk,documents,theme_12_certificate,"Менеджер подготовит справку и пришлёт в течение 10 дней, постараемся раньше.",medium,document_verified,,2026-12-31,False,answer_source,False
fact:v3:unpk:certificates_types_course_attendance_form:f6e6bbf987,unpk,documents,certificates,УНПК: справки и документы — Свободная форма.,medium,document_verified,,2026-12-31,True,answer_source,False
fact:v3:unpk:licenses_client_safe_summary:5e168a5e56,unpk,documents,licenses,УНПК: у учебного центра есть лицензия на образовательную деятельность.,medium,document_verified,,2026-12-31,False,answer_source,False
fact:v3:unpk:processes_2026_06_10_unpk_contract_documents:1c2e228318,unpk,documents,customer_processes_2026_06_10,"Договор идёт через договор-оферту: оплата означает согласие с условиями. Отдельный подписанный договор обычно не нужен, кроме отдельных случаев вроде маткапитала.",medium,document_verified,,2026-12-31,False,answer_source,False
fact:v3:unpk:tg_unpk_verified_2026_05_21_client_facts_attendance_certificate_client_safe_text:bdc48e2935,unpk,documents,certificates,Справку об очном обучении можно подготовить на бланке организации по запросу.,medium,document_verified,,2026-12-31,False,answer_source,False
fact:v3:unpk:tg_unpk_verified_2026_05_21_client_facts_documents_office_client_safe_text:7f8ca236bc,unpk,documents,tg_unpk_verified_2026_05_21,"Офис приёма документов, в том числе по маткапиталу: Долгопрудный, ул. Первомайская, д. 3, 4 этаж, каб. 401.",medium,document_verified,,2026-12-31,False,answer_source,False
fact:v3:unpk:tg_unpk_verified_2026_05_21_client_facts_electronic_document_flow_client_safe_text:896723a43c,unpk,documents,tg_unpk_verified_2026_05_21,"Договор обычно оформляется как оферта — она приходит на почту вместе с квитанцией, а оплата означает согласие. Бумажный договор оформляем по желанию клиента или при оплате маткапиталом.",medium,document_verified,,2026-12-31,False,answer_source,False
fact:v3:unpk:r4_1_owner_2026_06_12_unpk_regular_group_size:6b1fb955c5,unpk,format,regular_courses_2026_27,"Очные группы — от 3 до 12 человек, обычно 7-8. Онлайн-группы — 10-20 человек, обычно 12-15.",low,document_verified,,2026-12-31,False,answer_source,False
fact:v3:unpk:r4_owner_2026_06_11_unpk_lesson_duration_by_format:6f972a4eba,unpk,format,regular_courses_2026_27,Длительность зависит от формата: в выходных группах 5–11 классов — 1 занятие в неделю по 3 ак.ч.; в группах 1–4 классов — 1 занятие в неделю по 2 ак.ч.; часть онлайн-курсов идёт 2 раза в неделю по 2 ак.ч.,low,document_verified,,2026-12-31,False,answer_source,False
fact:v3:unpk:r4_owner_2026_06_11_unpk_small_groups_personal_attention:bce829cbf8,unpk,format,regular_courses_2026_27,Регулярные курсы проходят в небольших группах; преподаватель уделяет персональное внимание каждому ученику.,low,document_verified,,2026-12-31,False,answer_source,False
fact:v3:unpk:intensives_2026_oge_intensive_available_in_unpk:837729af45,unpk,intensive,intensives_2026,УНПК: этот интенсив в текущем бренде не проводится.,low,document_verified,,2026-12-31,False,manager_review_required,False
fact:v3:unpk:intensives_2026_oge_intensive_bot_behavior_when_asked:730f4987a8,unpk,intensive,intensives_2026,УНПК: по вопросу об интенсиве менеджер подберёт подходящие варианты и свяжется в течение рабочего дня.,low,document_verified,,2026-12-31,False,manager_review_required,False
fact:v3:unpk:locations_unpk_addresses_1_address:0e2c490a04,unpk,location,locations_unpk,"УНПК: адрес и место занятий — Сретенка, 20.",low,document_verified,,2026-12-31,False,manager_review_required,False
fact:v3:unpk:locations_unpk_addresses_1_city:175057a8f6,unpk,location,locations_unpk,УНПК: адрес и место занятий — Москва.,low,document_verified,,2026-12-31,True,manager_review_required,False
fact:v3:unpk:locations_unpk_addresses_1_metro:454c8bd358,unpk,location,locations_unpk,УНПК: адрес и место занятий — Чистые Пруды.,low,document_verified,,2026-12-31,True,manager_review_required,False
fact:v3:unpk:locations_unpk_addresses_2_address:f2bc039e1c,unpk,location,locations_unpk,"УНПК: адрес и место занятий — Институтский пер., 9 (МФТИ).",low,document_verified,,2026-12-31,False,manager_review_required,False
fact:v3:unpk:locations_unpk_addresses_2_city:c6451d2c49,unpk,location,locations_unpk,УНПК: адрес и место занятий — Долгопрудный.,low,document_verified,,2026-12-31,True,manager_review_required,False
fact:v3:unpk:locations_unpk_addresses_3_address:f09ec36ead,unpk,location,locations_unpk,"УНПК: адрес и место занятий — Проспект Пацаева, 7к1.",low,document_verified,,2026-12-31,False,manager_review_required,False
fact:v3:unpk:locations_unpk_addresses_3_city:591c6798d8,unpk,location,locations_unpk,УНПК: адрес и место занятий — Долгопрудный.,low,document_verified,,2026-12-31,True,manager_review_required,False
fact:v3:unpk:locations_unpk_addresses_4_address:23ccf26102,unpk,location,locations_unpk,"УНПК: адрес и место занятий — Льяловское шоссе, 1, посёлок Красный Воин.",low,document_verified,,2026-12-31,False,manager_review_required,False
fact:v3:unpk:locations_unpk_addresses_4_city:4d329e32db,unpk,location,locations_unpk,УНПК: адрес и место занятий — Менделеево (ЛВШ).,low,document_verified,,2026-12-31,False,manager_review_required,False
fact:v3:unpk:locations_unpk_online_trial_fragment_available:f4bff46c12,unpk,location,locations_unpk,"УНПК: адрес и место занятий, онлайн — да.",low,document_verified,,2026-12-31,True,manager_review_required,False
fact:v3:unpk:locations_unpk_online_trial_fragment_client_safe_text:c008179323,unpk,location,locations_unpk,По онлайн-формату можем прислать вам фрагмент занятия — посмотреть подачу и уровень.,low,document_verified,,2026-12-31,False,manager_review_required,False
fact:v3:unpk:r4_owner_2026_06_11_unpk_moscow_regular_address:4e3213ebc7,unpk,location,regular_courses_2026_27,"В Москве у УНПК есть действующие адреса: Сретенка, 20 и Верхняя Красносельская, 30. Конкретную группу подберём по расписанию.",low,document_verified,,2026-12-31,False,answer_source,False
fact:v3:unpk:owner_2026_08_13_unpk_lvsh_2027_deposit:94a233109f,unpk,payment,lvsh_2027,УНПК МФТИ: невозвратный взнос для ЛВШ 2027 — 15 000 руб.,low,document_verified,2026-08-13,2027-07-27,False,manager_review_required,True
fact:v3:unpk:brand_rules_approved_brand_relationship_answer_unpk:7477839d25,unpk,policy,brand_relationship,"Это отдельные организации, по вашему вопросу сориентирую в рамках текущего учебного центра.",medium,document_verified,,2026-12-31,False,answer_source,False
fact:v3:unpk:r4_1_owner_2026_06_12_unpk_funds_transfer_and_makeup:6018dece65,unpk,policy,payment_and_attendance,"Оплаченные средства не сгорают: остаток переносится на следующий период, год или смену. Пропущенное по справке занятие можно перенести или вернуть за него деньги. Перенос между предметами или форматами — по согласованию с менеджером.",medium,document_verified,,2026-12-31,False,manager_review_required,True
fact:v3:unpk:r4_1_owner_2026_06_12_unpk_university_target_and_open_days:dca9448cb5,unpk,policy,university_information,"Информацию о целевом обучении и днях открытых дверей рекомендуем посмотреть на сайте вуза, в который вы хотите поступать.",medium,document_verified,,2026-12-31,False,answer_source,False
fact:v3:unpk:tg_unpk_verified_2026_05_21_client_safe_facts_refund_post_payment_client_safe_text:9a46961c44,unpk,policy,tg_unpk_verified_2026_05_21,"По возврату после оплаты нужен расчёт менеджера: он проверит курс, период, оплату и условия договора и назовёт точную сумму.",medium,document_verified,,2026-12-31,False,manager_review_required,True
fact:v3:unpk:tg_unpk_verified_2026_05_21_client_safe_facts_refund_presale_policy_client_safe_text:ceb8d97d5b,unpk,policy,tg_unpk_verified_2026_05_21,"Если клиент заранее спрашивает про возврат до оплаты, можно спокойно ответить, что при досрочном отказе возвращается остаток неистраченных средств; можно не переживать. Конкретный порядок оформления менеджер подтвердит по выбранному курсу и договору.",medium,document_verified,,2026-12-31,False,manager_review_required,True
fact:v3:unpk:owner_2026_08_13_unpk_lvsh_2027_current_price:6a02007f2d,unpk,price,lvsh_2027,УНПК МФТИ: текущая цена ЛВШ 2027 — 99 750 руб.; полная цена — 133 000 руб.,low,document_verified,2026-08-13,2027-07-27,False,answer_source,True
fact:v3:unpk:owner_2026_08_13_unpk_regular_offline_1_4_semester:13eb44e7c8,unpk,price,regular_courses_2026_27,"УНПК МФТИ: очные курсы для 1-4 классов после 15 августа, первый семестр — 35 500 руб.",low,document_verified,2026-08-13,2027-05-31,False,answer_source,True
fact:v3:unpk:owner_2026_08_13_unpk_regular_offline_1_4_year:3e2ec87600,unpk,price,regular_courses_2026_27,"УНПК МФТИ: очные курсы для 1-4 классов после 15 августа, год — 59 900 руб.",low,document_verified,2026-08-13,2027-05-31,False,answer_source,True
fact:v3:unpk:owner_2026_08_13_unpk_regular_offline_5_11_month_10900:d5b8f827b6,unpk,price,regular_courses_2026_27,"УНПК МФТИ: очные курсы для 5-11 классов после 15 августа, месяц — 10 900 руб.",low,document_verified,2026-08-13,2027-05-31,False,answer_source,True
fact:v3:unpk:owner_2026_08_13_unpk_regular_offline_5_11_month_new_student:d75ccea47a,unpk,price,regular_courses_2026_27,УНПК МФТИ: первый месяц очных курсов для нового ученика 5-11 классов после 15 августа — 9 900 руб.,low,document_verified,2026-08-13,2027-05-31,False,answer_source,True
fact:v3:unpk:owner_2026_08_13_unpk_regular_offline_5_11_semester_36900:858803f600,unpk,price,regular_courses_2026_27,"УНПК МФТИ: очные курсы для 5-11 классов после 15 августа, второй семестр — 36 900 руб.",low,document_verified,2026-08-13,2027-05-31,False,answer_source,True
fact:v3:unpk:owner_2026_08_13_unpk_regular_offline_5_11_semester_49000:400f022f42,unpk,price,regular_courses_2026_27,"УНПК МФТИ: очные курсы для 5-11 классов после 15 августа, первый семестр — 49 000 руб.",low,document_verified,2026-08-13,2027-05-31,False,answer_source,True
fact:v3:unpk:owner_2026_08_13_unpk_regular_offline_5_11_year_82000:351e664af2,unpk,price,regular_courses_2026_27,"УНПК МФТИ: очные курсы для 5-11 классов после 15 августа, год — 82 000 руб.",low,document_verified,2026-08-13,2027-05-31,False,answer_source,True
fact:v3:unpk:owner_2026_08_13_unpk_regular_online_weekday_9_11_semester:e8a6f9889e,unpk,price,regular_courses_2026_27,"УНПК МФТИ: онлайн-курсы по будням для 9 и 11 классов, семестр — 41 800 руб.; математика, физика и информатика, два раза в неделю по два академических часа.",low,document_verified,2026-08-13,2027-05-31,False,answer_source,True
fact:v3:unpk:owner_2026_08_13_unpk_regular_online_weekday_9_11_year:105c60dccb,unpk,price,regular_courses_2026_27,"УНПК МФТИ: онлайн-курсы по будням для 9 и 11 классов, год — 69 900 руб.; математика, физика и информатика, два раза в неделю по два академических часа.",low,document_verified,2026-08-13,2027-05-31,False,answer_source,True
fact:v3:unpk:owner_2026_08_13_unpk_regular_online_weekend_5_11_semester:2856f28042,unpk,price,regular_courses_2026_27,"УНПК МФТИ: онлайн-курсы выходного дня для 5-11 классов, семестр — 37 000 руб.; предметы: математика, физика и информатика.",low,document_verified,2026-08-13,2027-05-31,False,answer_source,True
fact:v3:unpk:owner_2026_08_13_unpk_regular_online_weekend_5_11_year:45e6d97c33,unpk,price,regular_courses_2026_27,"УНПК МФТИ: онлайн-курсы выходного дня для 5-11 классов, год — 59 000 руб.; предметы: математика, физика и информатика.",low,document_verified,2026-08-13,2027-05-31,False,answer_source,True
fact:v3:unpk:owner_2026_08_13_unpk_zvsh_2027_current_price:175fceb271,unpk,price,zvsh_2027,УНПК МФТИ: текущая цена ЗВШ 2027 — 93 600 руб.; полная цена — 117 000 руб. Эта цена действует до отдельного обновления владельца.,low,document_verified,2026-08-13,2027-01-10,False,answer_source,True
fact:v3:unpk:owner_2026_08_13_unpk_trial_offline:bd0599d420,unpk,process,regular_courses_2026_27,"УНПК МФТИ: на площадках Пацаева и МФТИ доступно одно бесплатное пробное занятие по предмету, где есть место; нужна предварительная запись. Наличие места подтверждается отдельно.",low,document_verified,2026-08-13,2027-05-31,False,answer_source,False
fact:v3:unpk:processes_2026_06_10_unpk_absences_materials:6c4f4e2b2e,unpk,process,customer_processes_2026_06_10,"Если занятие пропущено, предупредите нас заранее. Онлайн-записи и материалы помогают нагнать тему; по очным занятиям материалы можно уточнить в чате группы или у администратора.",low,document_verified,,2026-12-31,False,answer_source,False
fact:v3:unpk:processes_2026_06_10_unpk_after_payment_access:aa5b64b741,unpk,process,customer_processes_2026_06_10,"После оплаты пришлите чек или квитанцию в чат или на почту. После подтверждения оплаты для онлайн-занятий на почту придёт приглашение на учебную платформу и инструкция по подключению; с лета 2026 новые онлайн-занятия проходят на SohoLMS, а курсы, начавшиеся до лета 2026, завершаются в MTS-Link. Для очных занятий пришлём информацию о центре, группе и расписании.",low,document_verified,,2026-12-31,False,answer_source,False
fact:v3:unpk:processes_2026_06_10_unpk_completion_certificate:480f902e4b,unpk,process,customer_processes_2026_06_10,"По итогам курса можно получить документ о прохождении обучения. Формат и срок выдачи зависят от программы; менеджер подскажет, как получить документ.",low,document_verified,,2026-12-31,False,answer_source,False
fact:v3:unpk:processes_2026_06_10_unpk_document_correction:a4f1f09bd6,unpk,process,customer_processes_2026_06_10,"Если в договоре, квитанции или письме ошибка, напишите, что именно нужно исправить. Менеджер подготовит корректный документ и пришлёт его на почту.",low,document_verified,,2026-12-31,False,answer_source,False
fact:v3:unpk:processes_2026_06_10_unpk_enrollment_signup_steps:d26ad89fe6,unpk,process,customer_processes_2026_06_10,"Для записи пришлите ФИО ученика и класс, ФИО родителя, почту для связи и выбранное направление. После записи на почту придут подтверждение, договорные документы и способ оплаты.",low,document_verified,,2026-12-31,False,answer_source,False
fact:v3:unpk:processes_2026_06_10_unpk_freeze_or_transfer:febb7b6c95,unpk,process,customer_processes_2026_06_10,"При личных обстоятельствах можно обсудить перенос обучения, смену группы или более гибкий график. Точные условия зависят от курса и ситуации, их подтвердит менеджер.",low,document_verified,,2026-12-31,False,answer_source,False
fact:v3:unpk:processes_2026_06_10_unpk_group_level_transfer:91e2df962b,unpk,process,customer_processes_2026_06_10,"Если ребёнку слишком легко или сложно, можно обсудить перевод в другую группу по уровню. Обычно учитываются рекомендация преподавателя и пожелания семьи.",low,document_verified,,2026-12-31,False,answer_source,False
fact:v3:unpk:processes_2026_06_10_unpk_homework_feedback:403a480076,unpk,process,customer_processes_2026_06_10,Домашние задания проверяются. Обратную связь по успеваемости можно запросить: менеджер передаст вопрос преподавателю или куратору.,low,document_verified,,2026-12-31,False,manager_review_required,False
fact:v3:unpk:processes_2026_06_10_unpk_marketing_codes_absent:522291072f,unpk,process,customer_processes_2026_06_10,Промокодов сейчас нет. Из реальных выгод: при оплате за семестр или за год выходит выгоднее — это уже учтено в прайсе.,low,document_verified,,2026-12-31,False,answer_source,False
fact:v3:unpk:processes_2026_06_10_unpk_online_access_platform:0beef2382f,unpk,process,customer_processes_2026_06_10,"Для онлайн-занятий доступ приходит на почту: приглашение, ссылка на платформу и инструкция по подключению. С лета 2026 новые онлайн-занятия проходят на SohoLMS; курсы, начавшиеся до лета 2026, завершаются в MTS-Link. Для очных занятий пришлём информацию о центре, группе и расписании.",low,document_verified,,2026-12-31,False,answer_source,False
fact:v3:unpk:processes_2026_06_10_unpk_parent_feedback:7f2f38a329,unpk,process,customer_processes_2026_06_10,Родитель может запросить обратную связь по занятиям и прогрессу. Менеджер передаст запрос преподавателю или куратору и вернётся с ответом.,low,document_verified,,2026-12-31,False,manager_review_required,False
fact:v3:unpk:processes_2026_06_10_unpk_payment_confirmation_receipt:c26ed00429,unpk,process,customer_processes_2026_06_10,"После оплаты пришлите чек или квитанцию. Если платёж был, но доступ не пришёл, менеджер проверит оплату по ФИО ученика и выбранному курсу.",low,document_verified,,2026-12-31,False,manager_review_required,False
fact:v3:unpk:processes_2026_06_10_unpk_payment_general:ee9818e3b6,unpk,process,customer_processes_2026_06_10,"Оплатить можно по QR-коду, квитанции или ссылке на оплату. Если нужно оплатить бизнес-картой, можем прислать ссылку через эквайринг Альфа-Банка.",low,document_verified,,2026-12-31,False,answer_source,False
fact:v3:unpk:processes_2026_06_10_unpk_payment_semester_year_price:41cb9bd31d,unpk,process,customer_processes_2026_06_10,При оплате за семестр или за год выходит выгоднее — это уже учтено в прайсе.,low,document_verified,,2026-12-31,False,answer_source,False
fact:v3:unpk:processes_2026_06_10_unpk_personal_cabinet:0bf55d3aa9,unpk,process,customer_processes_2026_06_10,"В личном кабинете учебной платформы доступны занятия, материалы и записи онлайн-уроков. С лета 2026 новые онлайн-занятия проходят на SohoLMS; курсы, начавшиеся до лета 2026, завершаются в MTS-Link. Если пароль забыт, его восстанавливают через форму восстановления.",low,document_verified,,2026-12-31,False,answer_source,False
fact:v3:unpk:processes_2026_06_10_unpk_recordings_materials:48077d5e6b,unpk,process,customer_processes_2026_06_10,"Записи онлайн-занятий сохраняются в личном кабинете для пересмотра. Домашние задания и материалы доступны на платформе или в чате группы, в зависимости от формата курса.",low,document_verified,,2026-12-31,False,answer_source,False
fact:v3:unpk:processes_2026_06_10_unpk_refund_process_manager_check:ea36c8eba2,unpk,process,customer_processes_2026_06_10,До оплаты можно спокойно уточнить порядок возврата: при досрочном отказе возвращается остаток неистраченных средств. После оплаты точную сумму и документы проверяет менеджер.,low,document_verified,,2026-12-31,False,manager_review_required,True
fact:v3:unpk:processes_2026_06_10_unpk_schedule_final:e6489498f4,unpk,process,customer_processes_2026_06_10,"Финальное расписание уже есть. Напишите класс, предмет, формат и удобное время — подберём группу и пришлём актуальные варианты.",low,document_verified,,2026-12-31,False,answer_source,False
fact:v3:unpk:processes_2026_06_10_unpk_schedule_reason:588b7a21e2,unpk,process,customer_processes_2026_06_10,"Точные слоты пришлём после распределения по уровню группы. Стараемся учитывать класс, формат и пожелания по времени.",low,document_verified,,2026-12-31,False,answer_source,False
fact:v3:unpk:processes_2026_06_10_unpk_teacher_change:87763fa6b9,unpk,process,customer_processes_2026_06_10,"Если преподаватель или группа не подошли, можно обсудить другую группу или другого преподавателя. Методика и программа сохраняются, а переход согласуют по уровню и расписанию.",low,document_verified,,2026-12-31,False,answer_source,False
fact:v3:unpk:processes_2026_06_10_unpk_technical_problem:c308ec5763,unpk,process,customer_processes_2026_06_10,"Если письмо, квитанция или ссылка не пришли, проверьте папку «Спам» и напишите нам. Менеджер проверит группу и отправит актуальную ссылку или письмо повторно.",low,document_verified,,2026-12-31,False,manager_review_required,False
fact:v3:unpk:processes_2026_06_10_unpk_testing_intro:5554a141f4,unpk,process,customer_processes_2026_06_10,Вступительное тестирование помогает подобрать подходящую группу по уровню. Обычно ребёнок проходит тест и заполняет анкету до старта занятий.,low,document_verified,,2026-12-31,False,answer_source,False
fact:v3:unpk:processes_2026_06_10_unpk_testing_results:e06c86c431,unpk,process,customer_processes_2026_06_10,Результаты тестирования используют для распределения по уровню и группе. Итоговое распределение сообщит менеджер.,low,document_verified,,2026-12-31,False,answer_source,False
fact:v3:unpk:processes_2026_06_10_unpk_waitlist_when_no_places:a21289187a,unpk,process,customer_processes_2026_06_10,"Если подходящей группы, времени или места сейчас нет, можно записаться в лист ожидания. Укажем приоритетные предметы и формат, а менеджер подскажет ближайшую альтернативу.",low,document_verified,,2026-12-31,False,answer_source,False
fact:v3:unpk:r4_1_owner_2026_06_12_unpk_acquaintance_mechanics:1afff099be,unpk,process,trial_and_acquaintance,"Для знакомства с форматом можно посмотреть фрагмент онлайн-занятия. Первые занятия можно использовать, чтобы понять, подходит ли курс. При сомнениях можно бесплатно посетить пробное занятие в другой группе — по согласованию с менеджером. Постоянного бесплатного формата нет.",low,document_verified,,2026-12-31,False,answer_source,False
fact:v3:unpk:r4_1_owner_2026_06_12_unpk_midyear_entry_payment_and_records:b8dec39b1f,unpk,process,regular_courses_2026_27,Присоединиться можно в течение года. Оплата по семестрам: при записи до конца календарного 2026 года — полная стоимость; с января — 50% полной стоимости курса. Пройденный материал доступен в записях. Заявление на перерасчёт не требуется.,low,document_verified,,2026-12-31,False,answer_source,False
fact:v3:unpk:r4_1_owner_2026_06_12_unpk_organization_payment_invoice:43b7ca65d9,unpk,process,payment_methods,Можно оплатить от организации: выставим счёт. Понадобится заключить договор и прислать карточку организации. Две квитанции на два предмета — можно.,low,document_verified,,2026-12-31,False,answer_source,False
fact:v3:unpk:r4_owner_2026_06_11_unpk_center_visit_by_appointment:aaf24d3fdd,unpk,process,contacts_and_visits,Визит в центр УНПК организуем по предварительной записи: подберём время и сотрудника филиала для встречи.,low,document_verified,,2026-12-31,False,answer_source,False
fact:v3:unpk:r4_owner_2026_06_11_unpk_midyear_new_student_curator_support:016a1780a9,unpk,process,regular_courses_2026_27,"Куратор следит, чтобы ученики комфортно и успешно осваивали программу — и в очных филиалах, и в онлайн-группах.",low,document_verified,,2026-12-31,False,answer_source,False
fact:v3:unpk:r4_owner_2026_06_11_unpk_online_platform_transition:8118eea07c,unpk,process,online_platform_2026,"С лета 2026 онлайн-занятия проходят на платформе SohoLMS. Курсы, начавшиеся до лета 2026, завершаются в MTS-Link.",low,document_verified,,2027-08-31,False,answer_source,False
fact:v3:unpk:kb_v6_5_client_safe_facts_2026_06_03_lesson_format_client_safe_text:e89f40207f,unpk,program,kb_v6_5_client_safe_facts_2026_06_03,"Занятия проходят в формате семинара: теория и практика вместе. Преподаватель в мини-группе разбирает задачи с учениками, есть интерактив с вопросами. Бывает этап индивидуальной работы: пока все решают свои задания, преподаватель подходит к каждому на несколько минут.",low,document_verified,,2026-12-31,False,manager_review_required,False
fact:v3:unpk:kb_v6_6_client_safe_facts_2026_06_08_attendance_makeup_other_group_client_safe_text:41a7172fdc,unpk,program,kb_v6_6_client_safe_facts_2026_06_08,"УНПК МФТИ: пропущенное занятие можно отработать в другой группе, подходящей по времени и уровню; тема занятия может отличаться. Справка для отработки не обязательна.",low,document_verified,,2026-12-31,False,manager_review_required,False
fact:v3:unpk:kb_v6_6_client_safe_facts_2026_06_08_attendance_online_instead_offline_exception_2026_27_client_safe_text:b53a77a5ca,unpk,program,kb_v6_6_client_safe_facts_2026_06_08,УНПК МФТИ: подключиться к онлайн-занятию вместо очного нельзя; исключение — пропуск 4 и более занятий подряд по болезни.,low,document_verified,,2026-12-31,False,manager_review_required,False
fact:v3:unpk:kb_v6_6_client_safe_facts_2026_06_08_homework_check_always_checked_client_safe_text:f7ff4c98c7,unpk,program,kb_v6_6_client_safe_facts_2026_06_08,УНПК МФТИ: домашние задания всегда проверяются.,low,document_verified,,2026-12-31,False,manager_review_required,False
fact:v3:unpk:kb_v6_6_client_safe_facts_2026_06_08_materials_handouts_default_client_safe_text:4e864a630b,unpk,program,kb_v6_6_client_safe_facts_2026_06_08,"УНПК МФТИ: раздаточных конспектов по умолчанию нет: есть чат с преподавателем для домашних заданий и материалов, на части курсов — методички.",low,document_verified,,2026-12-31,True,manager_review_required,False
fact:v3:unpk:kb_v6_6_client_safe_facts_2026_06_08_offline_courses_seminar_format_client_safe_text:5c5b5d4074,unpk,program,kb_v6_6_client_safe_facts_2026_06_08,"УНПК МФТИ: очные занятия проходят в семинарском формате — теория и практика вместе, разбор задач у доски, самостоятельная работа.",low,document_verified,,2026-12-31,False,manager_review_required,False
fact:v3:unpk:kb_v6_6_client_safe_facts_2026_06_08_offline_groups_levels_client_safe_text:e00a11fe33,unpk,program,kb_v6_6_client_safe_facts_2026_06_08,"УНПК МФТИ: очные группы делятся по уровням: базовый, продвинутый и олимпиадный. Разница — в темпе, сложности задач и времени на повторение.",low,document_verified,,2026-12-31,False,manager_review_required,False
fact:v3:unpk:kb_v6_6_client_safe_facts_2026_06_08_offline_phys_tech_level_default_client_safe_text:647fb1f19d,unpk,program,kb_v6_6_client_safe_facts_2026_06_08,УНПК МФТИ: очная подготовка к Физтеху отдельных уровней не имеет — это олимпиадный уровень по умолчанию.,low,document_verified,,2026-12-31,True,manager_review_required,False
fact:v3:unpk:objection_responses_brand_link_question_approved_response:79a75f23b7,unpk,program,objection_responses,"Это отдельные организации, по вашему вопросу сориентирую в рамках текущего учебного центра.",low,document_verified,,2027-08-31,False,manager_review_required,False
fact:v3:unpk:objection_responses_brand_link_question_followup_phrase:5e3e24cc15,unpk,program,objection_responses,"Я могу подсказать только про УНПК МФТИ и, к сожалению, не владею информацией про другие организации.",low,document_verified,,2027-08-31,False,manager_review_required,False
fact:v3:unpk:objection_responses_inconvenient_time_1:9cd9dc51e7,unpk,program,objection_responses,Разные слоты по выходным.,low,document_verified,,2027-08-31,False,manager_review_required,False
fact:v3:unpk:objection_responses_inconvenient_time_2:5f3c03ee19,unpk,program,objection_responses,Онлайн с записью.,low,document_verified,,2027-08-31,False,manager_review_required,False
fact:v3:unpk:objection_responses_is_it_bot:6198721f74,unpk,program,objection_responses,"Я помощник менеджера, помогу с вопросом или передам коллеге.",low,document_verified,,2027-08-31,False,manager_review_required,False
fact:v3:unpk:objection_responses_too_expensive_course_1:672a55b4e2,unpk,program,objection_responses,20% на 2-й и последующие предметы.,low,document_verified,,2027-08-31,False,manager_review_required,False
fact:v3:unpk:objection_responses_too_expensive_course_2:3344c75d00,unpk,program,objection_responses,Многодетным 10%.,low,document_verified,,2027-08-31,False,manager_review_required,False
fact:v3:unpk:objection_responses_too_expensive_course_3:f09a084d41,unpk,program,objection_responses,Сотрудникам МФТИ 10%.,low,document_verified,,2027-08-31,False,manager_review_required,False
fact:v3:unpk:objection_responses_too_expensive_course_4:16034fc9a4,unpk,program,objection_responses,Семестр/год скидки 10-14%.,low,document_verified,,2027-08-31,False,manager_review_required,False
fact:v3:unpk:online_platform_levels_1:453b1c3376,unpk,program,online_platform,УНПК: на онлайн-платформе есть уровень обучения: базовый.,low,document_verified,,2027-08-31,False,manager_review_required,False
fact:v3:unpk:online_platform_levels_2:1752fbd5ad,unpk,program,online_platform,УНПК: на онлайн-платформе есть уровень обучения: продвинутый.,low,document_verified,,2027-08-31,False,manager_review_required,False
fact:v3:unpk:online_platform_levels_3:d4796d8d2a,unpk,program,online_platform,УНПК: на онлайн-платформе есть уровень обучения: олимпиадный.,low,document_verified,,2027-08-31,False,manager_review_required,False
fact:v3:unpk:online_platform_offline_group_size:2699de13fd,unpk,program,online_platform,"УНПК: онлайн-платформа, очно — 6-12 человек.",low,document_verified,,2027-08-31,True,manager_review_required,False
fact:v3:unpk:online_platform_recording:5ff73de076,unpk,program,online_platform,УНПК: на онлайн-платформе доступны записи занятий.,low,document_verified,,2027-08-31,False,manager_review_required,False
fact:v3:unpk:owner_2026_08_13_unpk_regular_offline_10_11_chemistry_not_offered:98d1915c2d,unpk,program,regular_courses_2026_27,УНПК МФТИ: на очных курсах для 10-11 классов химии нет.,low,document_verified,2026-08-13,2027-05-31,False,answer_source,False
fact:v3:unpk:owner_2026_08_13_unpk_regular_online_weekend_subjects:9d69bac286,unpk,program,regular_courses_2026_27,"УНПК МФТИ: на онлайн-курсах выходного дня для 5-11 классов есть математика, физика и информатика.",low,document_verified,2026-08-13,2027-05-31,False,answer_source,False
fact:v3:unpk:owner_2026_08_13_unpk_summer_schools_2026_enrollment_closed:8b8eeabbc0,unpk,program,summer_schools_2026,УНПК МФТИ: набор на летние школы 2026 года завершён.,low,document_verified,2026-08-13,2027-05-31,False,answer_source,False
fact:v3:unpk:r4_1_owner_2026_06_12_unpk_author_program_not_single_textbook:c440b2614e,unpk,program,regular_courses_2026_27,"Занятия идут по авторской сборной программе центра, а не по одному школьному учебнику. При необходимости преподаватель порекомендует дополнительные пособия.",low,document_verified,,2026-12-31,False,answer_source,False
fact:v3:unpk:r4_1_owner_2026_06_12_unpk_individual_lessons_request:c09c410d70,unpk,program,individual_lessons,Индивидуальные занятия возможны по запросу — детали и стоимость подскажет менеджер.,low,document_verified,,2027-08-31,False,manager_review_required,False
fact:v3:unpk:r4_owner_2026_06_11_unpk_subject_lineup_2026_27:223d1f65ba,unpk,program,regular_courses_2026_27,"По предметам доступны математика, физика и информатика (включая программирование). С учебного года 2026/27 добавляется курс искусственного интеллекта.",low,document_verified,,2026-12-31,False,answer_source,False
fact:v3:unpk:results_social_proof_ege_avg_above_country_pts:ab973898b2,unpk,program,results_social_proof,УНПК: средний результат ЕГЭ у учеников выше среднего по стране на 25 баллов.,low,document_verified,,2026-12-31,False,manager_review_required,False
fact:v3:unpk:results_social_proof_oge_grade_5_pct:e479f7ed4d,unpk,program,results_social_proof,УНПК: по текущим данным 92% учеников получили оценку 5 на ОГЭ.,low,document_verified,,2026-12-31,False,manager_review_required,False
fact:v3:unpk:results_social_proof_olymp_fiztech_2024_winners:c7c72fa260,unpk,program,results_social_proof,УНПК: в 2024 году указано 14 победителей и призёров олимпиады «Физтех».,low,document_verified,,2026-12-31,False,manager_review_required,False
fact:v3:unpk:results_social_proof_total_alumni:8c9b661c85,unpk,program,results_social_proof,УНПК: по текущим данным через обучение прошло более 100 000 учеников.,low,document_verified,,2026-12-31,False,manager_review_required,False
fact:v3:unpk:results_social_proof_university_admission_pct:6d2b6a0020,unpk,program,results_social_proof,УНПК: по текущим данным 97% выпускников поступили в вузы.,low,document_verified,,2026-12-31,False,manager_review_required,False
fact:v3:unpk:team_answers_q15_unpk_online_other_classes_manager_handoff:fdd239779d,unpk,program,regular_online_courses_2026_27,Вне двух подтверждённых онлайн-тарифов УНПК точные условия проверяет менеджер.,low,document_verified,,2026-12-31,False,answer_source,False
fact:v3:unpk:tg_unpk_verified_2026_05_21_client_facts_first_offline_day_client_safe_text:4c602ec1b0,unpk,program,tg_unpk_verified_2026_05_21,В первый день очных занятий в корпусе МФТИ внизу встречает администратор; с собой нужна копия паспорта или свидетельства о рождении.,low,document_verified,,2026-12-31,False,manager_review_required,False
fact:v3:unpk:tg_unpk_verified_2026_05_21_client_facts_hotline_client_safe_text:c7622b2319,unpk,program,tg_unpk_verified_2026_05_21,"Горячая линия УНПК МФТИ: 8 (800) 500-81-51 и 8 (495) 150-81-51, почта edu@kmipt.ru.",low,document_verified,,2026-12-31,False,manager_review_required,True
fact:v3:unpk:tg_unpk_verified_2026_05_21_client_facts_level_transfer_client_safe_text:1261972d2c,unpk,program,tg_unpk_verified_2026_05_21,Перевод между группами по уровню возможен по инициативе ученика или по рекомендации педагога; олимпиадных задач обычно больше в сильной группе.,low,document_verified,,2026-12-31,False,manager_review_required,False
fact:v3:unpk:tg_unpk_verified_2026_05_21_client_facts_mfti_relation_client_safe_text:90ffdcf6ed,unpk,program,tg_unpk_verified_2026_05_21,"УНПК МФТИ — подразделение МФТИ, основанное в 1991 году.",low,document_verified,,2026-12-31,False,manager_review_required,False
fact:v3:unpk:tg_unpk_verified_2026_05_21_client_facts_missed_lessons_client_safe_text:a35b033d68,unpk,program,tg_unpk_verified_2026_05_21,"Если пропуск подтверждён справкой о болезни по форме 095У или документом об участии в олимпиаде, занятие не списывается; также возможна отработка в другой группе.",low,document_verified,,2026-12-31,False,manager_review_required,False
fact:v3:unpk:tg_unpk_verified_2026_05_21_client_facts_offline_recordings_client_safe_text:a8e47c5665,unpk,program,tg_unpk_verified_2026_05_21,Запись очных занятий не ведётся; пропущенные материалы можно запросить в чате группы.,low,document_verified,,2026-12-31,False,manager_review_required,False
fact:v3:unpk:tg_unpk_verified_2026_05_21_client_facts_olympiad_not_targeted_client_safe_text:20084091cf,unpk,program,tg_unpk_verified_2026_05_21,"УНПК не готовит отдельно к ВСОШ, «Высшей пробе» и ПВГ.",low,document_verified,,2026-12-31,False,manager_review_required,False
fact:v3:unpk:tg_unpk_verified_2026_05_21_client_facts_olympiad_targets_client_safe_text:d3e3a020cd,unpk,program,tg_unpk_verified_2026_05_21,"Олимпиадная подготовка УНПК нацелена на перечневые олимпиады РСОШ: Физтех, Росатом, Курчатов, Ломоносов и ОММО.",low,document_verified,,2026-12-31,False,manager_review_required,False
fact:v3:unpk:tg_unpk_verified_2026_05_21_client_facts_online_courses_format_client_safe_text:cc40dc460a,unpk,program,tg_unpk_verified_2026_05_21,"Онлайн-курсы УНПК проходят на платформе SohoLMS. Обычно это группы до 20 человек, занятия 2 раза в неделю по 90 минут; после каждого урока доступны записи. Есть домашние задания и контрольные срезы, обычно 5-6 раз в год.",low,document_verified,,2026-12-31,False,manager_review_required,False
fact:v3:unpk:tg_unpk_verified_2026_05_21_client_facts_online_trial_fragment_client_safe_text:66f5e407cd,unpk,program,tg_unpk_verified_2026_05_21,По онлайн-формату можно прислать фрагмент занятия для знакомства с подачей и уровнем.,low,document_verified,,2026-12-31,False,manager_review_required,False
fact:v3:unpk:tg_unpk_verified_2026_05_21_client_facts_payment_methods_client_safe_text:9f3a9f10a6,unpk,program,tg_unpk_verified_2026_05_21,"Оплатить можно по QR-коду или по квитанции/реквизитам в банке. Ссылку формирует бухгалтерия и присылает на email или по СМС. Терминала на месте нет; если нужно оплатить бизнес-картой, можем прислать ссылку через эквайринг Альфа-Банка.",low,document_verified,,2026-12-31,False,manager_review_required,False
fact:v3:unpk:tg_unpk_verified_2026_05_21_client_facts_payment_purpose_client_safe_text:21a8483e5b,unpk,program,tg_unpk_verified_2026_05_21,В назначении платежа нужно указать ФИО учащегося и предмет или курс; для лагеря — ФИО и «ЛВШ» или «ЛШ».,low,document_verified,,2026-12-31,False,manager_review_required,False
fact:v3:unpk:tg_unpk_verified_2026_05_21_client_facts_senior_school_dolgoprudny_client_safe_text:c7c1495d78,unpk,program,tg_unpk_verified_2026_05_21,"Старшая школа 10-11 классов в Долгопрудном проходит в Главном корпусе МФТИ по адресу Институтский пер., 9; занятия там только по воскресеньям.",low,document_verified,,2026-12-31,False,manager_review_required,False
fact:v3:unpk:tg_unpk_verified_2026_05_21_client_safe_facts_online_trial_fragment_client_safe_text:7b19ae61f8,unpk,program,tg_unpk_verified_2026_05_21,По онлайн-формату можно прислать фрагмент занятия для знакомства с подачей и уровнем.,low,document_verified,,2026-12-31,False,manager_review_required,False
fact:v3:unpk:owner_schedule_2026_27_unpk_group_01abc9a86fa2c748:ed128e488b,unpk,schedule,schedule_2026_27,"УНПК МФТИ: актуальная группа — Информатика 1-2 класс; Пацаева; суббота, 13:00-14:20. Точная дата старта группы в источнике не указана.",low,document_verified,2026-08-13,2027-05-31,False,answer_source,True
fact:v3:unpk:owner_schedule_2026_27_unpk_group_0668132b25b7fe8d:b11e9fb9c0,unpk,schedule,schedule_2026_27,"УНПК МФТИ: актуальная группа — Математика 9 ОГЭ; онлайн; вторник и четверг онлайн, 18:00-19:30. Точная дата старта группы в источнике не указана.",low,document_verified,2026-08-13,2027-05-31,False,answer_source,True
fact:v3:unpk:owner_schedule_2026_27_unpk_group_097c7299d43c924a:552ea3d7c7,unpk,schedule,schedule_2026_27,"УНПК МФТИ: актуальная группа — Математика 9 Продвинутый; Сретенка, 20; воскресенье, 14:30-16:30. Точная дата старта группы в источнике не указана.",low,document_verified,2026-08-13,2027-05-31,False,answer_source,True
fact:v3:unpk:owner_schedule_2026_27_unpk_group_09b092333db9fcd6:ac3c6a6846,unpk,schedule,schedule_2026_27,"УНПК МФТИ: актуальная группа — Математика 6 класс Олимп; онлайн; воскресенье онлайн, 10:00-12:00. Точная дата старта группы в источнике не указана.",low,document_verified,2026-08-13,2027-05-31,False,answer_source,True
fact:v3:unpk:owner_schedule_2026_27_unpk_group_0aa2ee3e45796450:9eb1bb5720,unpk,schedule,schedule_2026_27,"УНПК МФТИ: актуальная группа — Информатика 9 ОГЭ; Сретенка, 20; воскресенье, 10:00-12:00. Точная дата старта группы в источнике не указана.",low,document_verified,2026-08-13,2027-05-31,False,answer_source,True
fact:v3:unpk:owner_schedule_2026_27_unpk_group_0b4abf92f1fea94d:27253b1ee1,unpk,schedule,schedule_2026_27,"УНПК МФТИ: актуальная группа — Математика 9 Олимп; онлайн; воскресенье онлайн, 16:45-18:45. Точная дата старта группы в источнике не указана.",low,document_verified,2026-08-13,2027-05-31,False,answer_source,True
fact:v3:unpk:owner_schedule_2026_27_unpk_group_0e0a03e1036c153c:4c12a19229,unpk,schedule,schedule_2026_27,"УНПК МФТИ: актуальная группа — Математика 6 класс - Продвинутый; онлайн; воскресенье онлайн, 10:00-12:00. Точная дата старта группы в источнике не указана.",low,document_verified,2026-08-13,2027-05-31,False,answer_source,True
fact:v3:unpk:owner_schedule_2026_27_unpk_group_0ecd3ac096db0bd8:ac7c3251c4,unpk,schedule,schedule_2026_27,"УНПК МФТИ: актуальная группа — Физика 1-2 класс; Пацаева; суббота, 14:30-15:50. Точная дата старта группы в источнике не указана.",low,document_verified,2026-08-13,2027-05-31,False,answer_source,True
fact:v3:unpk:owner_schedule_2026_27_unpk_group_1261d32696004451:b5b2ef1436,unpk,schedule,schedule_2026_27,"УНПК МФТИ: актуальная группа — Физика 5-6; Верхняя Красносельская, 30; воскресенье, 12:15-14:15. Точная дата старта группы в источнике не указана.",low,document_verified,2026-08-13,2027-05-31,False,answer_source,True
fact:v3:unpk:owner_schedule_2026_27_unpk_group_1426ac8a987df2ab:456c56e412,unpk,schedule,schedule_2026_27,"УНПК МФТИ: актуальная группа — Информатика 7-8; онлайн; воскресенье онлайн, 10:00-12:00. Точная дата старта группы в источнике не указана.",low,document_verified,2026-08-13,2027-05-31,False,answer_source,True
fact:v3:unpk:owner_schedule_2026_27_unpk_group_149a3350368aa84c:2aaec9a8e5,unpk,schedule,schedule_2026_27,"УНПК МФТИ: актуальная группа — Физика 11 Олимп; онлайн; воскресенье онлайн, 16:45-18:45. Точная дата старта группы в источнике не указана.",low,document_verified,2026-08-13,2027-05-31,False,answer_source,True
fact:v3:unpk:owner_schedule_2026_27_unpk_group_151d47b03ba8ebdc:cfad5e0071,unpk,schedule,schedule_2026_27,"УНПК МФТИ: актуальная группа — Математика 7 класс; МФТИ; воскресенье, 14:00-16:00. Точная дата старта группы в источнике не указана.",low,document_verified,2026-08-13,2027-05-31,False,answer_source,True
fact:v3:unpk:owner_schedule_2026_27_unpk_group_15b0e426e20dea4a:84cebb2618,unpk,schedule,schedule_2026_27,"УНПК МФТИ: актуальная группа — Математика 1 класс; Пацаева; суббота, 16:00-17:20. Точная дата старта группы в источнике не указана.",low,document_verified,2026-08-13,2027-05-31,False,answer_source,True
fact:v3:unpk:owner_schedule_2026_27_unpk_group_16eec0b6025c2ecd:1ec838ce17,unpk,schedule,schedule_2026_27,"УНПК МФТИ: актуальная группа — Информатика 10; МФТИ; воскресенье, 09:30-11:30. Точная дата старта группы в источнике не указана.",low,document_verified,2026-08-13,2027-05-31,False,answer_source,True
fact:v3:unpk:owner_schedule_2026_27_unpk_group_185f7bb04df65ba1:5a66b058b0,unpk,schedule,schedule_2026_27,"УНПК МФТИ: актуальная группа — Физика 7 класс; МФТИ; воскресенье, 11:45-13:45. Точная дата старта группы в источнике не указана.",low,document_verified,2026-08-13,2027-05-31,False,answer_source,True
fact:v3:unpk:owner_schedule_2026_27_unpk_group_1b2495839d25bc28:864a21e83e,unpk,schedule,schedule_2026_27,"УНПК МФТИ: актуальная группа — Информатика 7 Продвинутый; Верхняя Красносельская, 30; воскресенье, 10:00-12:00. Точная дата старта группы в источнике не указана.",low,document_verified,2026-08-13,2027-05-31,False,answer_source,True
fact:v3:unpk:owner_schedule_2026_27_unpk_group_1b34b808d77d1b2f:1e1bba5f5f,unpk,schedule,schedule_2026_27,"УНПК МФТИ: актуальная группа — Математика 4 класс; Пацаева; суббота, 14:30-15:50. Точная дата старта группы в источнике не указана.",low,document_verified,2026-08-13,2027-05-31,False,answer_source,True
fact:v3:unpk:owner_schedule_2026_27_unpk_group_1c0afe815368bfbd:172d08bb7c,unpk,schedule,schedule_2026_27,"УНПК МФТИ: актуальная группа — Математика 3 класс; Пацаева; суббота, 16:00-17:20. Точная дата старта группы в источнике не указана.",low,document_verified,2026-08-13,2027-05-31,False,answer_source,True
fact:v3:unpk:owner_schedule_2026_27_unpk_group_1ce1e388a6a6bff1:adba623b59,unpk,schedule,schedule_2026_27,"УНПК МФТИ: актуальная группа — Математика 5 класс Продв; Верхняя Красносельская, 30; воскресенье, 14:30-16:30. Точная дата старта группы в источнике не указана.",low,document_verified,2026-08-13,2027-05-31,False,answer_source,True
fact:v3:unpk:owner_schedule_2026_27_unpk_group_1dc6408fc58f03d2:3a1e2331c5,unpk,schedule,schedule_2026_27,"УНПК МФТИ: актуальная группа — Математика 11 Олимп; онлайн; суббота онлайн, 16:45-18:45. Точная дата старта группы в источнике не указана.",low,document_verified,2026-08-13,2027-05-31,False,answer_source,True
fact:v3:unpk:owner_schedule_2026_27_unpk_group_23d9556394680319:d92cec761c,unpk,schedule,schedule_2026_27,"УНПК МФТИ: актуальная группа — Математика ОГЭ 9; МФТИ; воскресенье, 11:45-13:45. Точная дата старта группы в источнике не указана.",low,document_verified,2026-08-13,2027-05-31,False,answer_source,True
fact:v3:unpk:owner_schedule_2026_27_unpk_group_2531b7c53a187ef7:1040e3e7c1,unpk,schedule,schedule_2026_27,"УНПК МФТИ: актуальная группа — Информатика ОГЭ 9; МФТИ; воскресенье, 11:45-13:45. Точная дата старта группы в источнике не указана.",low,document_verified,2026-08-13,2027-05-31,False,answer_source,True
fact:v3:unpk:owner_schedule_2026_27_unpk_group_2618e074460c34bd:f909bf6f9e,unpk,schedule,schedule_2026_27,"УНПК МФТИ: актуальная группа — Математика 7 класс Продвинутый; Верхняя Красносельская, 30; воскресенье, 12:15-14:15. Точная дата старта группы в источнике не указана.",low,document_verified,2026-08-13,2027-05-31,False,answer_source,True
fact:v3:unpk:owner_schedule_2026_27_unpk_group_26d9b53695dd189b:1348ce3988,unpk,schedule,schedule_2026_27,"УНПК МФТИ: актуальная группа — Математика 5 класс - Продвинутый; онлайн; воскресенье онлайн, 12:15-14:15. Точная дата старта группы в источнике не указана.",low,document_verified,2026-08-13,2027-05-31,False,answer_source,True
fact:v3:unpk:owner_schedule_2026_27_unpk_group_2b18b255e95d0abc:9064e002f5,unpk,schedule,schedule_2026_27,"УНПК МФТИ: актуальная группа — Математика 11 ЕГЭ; онлайн; вторник и четверг онлайн, 18:00-19:30. Точная дата старта группы в источнике не указана.",low,document_verified,2026-08-13,2027-05-31,False,answer_source,True
fact:v3:unpk:owner_schedule_2026_27_unpk_group_2d392e6db81af259:6dc8f08257,unpk,schedule,schedule_2026_27,"УНПК МФТИ: актуальная группа — Математика ЕГЭ 11; МФТИ; воскресенье, 14:00-16:00. Точная дата старта группы в источнике не указана.",low,document_verified,2026-08-13,2027-05-31,False,answer_source,True
fact:v3:unpk:owner_schedule_2026_27_unpk_group_32b6c6931ffb8b83:de72071d34,unpk,schedule,schedule_2026_27,"УНПК МФТИ: актуальная группа — Математика 7 класс - Олимп; онлайн; воскресенье онлайн, 14:30-16:30. Точная дата старта группы в источнике не указана.",low,document_verified,2026-08-13,2027-05-31,False,answer_source,True
fact:v3:unpk:owner_schedule_2026_27_unpk_group_3354e788179e1724:9d9c54f500,unpk,schedule,schedule_2026_27,"УНПК МФТИ: актуальная группа — Математика 11 ЕГЭ; онлайн; суббота онлайн, 12:15-14:15. Точная дата старта группы в источнике не указана.",low,document_verified,2026-08-13,2027-05-31,False,answer_source,True
fact:v3:unpk:owner_schedule_2026_27_unpk_group_34a22c2ce1913b59:c52c385113,unpk,schedule,schedule_2026_27,"УНПК МФТИ: актуальная группа — Математика 1 класс; Пацаева; суббота, 10:00-11:20. Точная дата старта группы в источнике не указана.",low,document_verified,2026-08-13,2027-05-31,False,answer_source,True
fact:v3:unpk:owner_schedule_2026_27_unpk_group_35b0a32edd85f072:625f579083,unpk,schedule,schedule_2026_27,"УНПК МФТИ: актуальная группа — Информатика 10-11; МФТИ; воскресенье, 11:45-13:45. Точная дата старта группы в источнике не указана.",low,document_verified,2026-08-13,2027-05-31,False,answer_source,True
fact:v3:unpk:owner_schedule_2026_27_unpk_group_382c365f17600cc5:3f10cadd6d,unpk,schedule,schedule_2026_27,"УНПК МФТИ: актуальная группа — Математика ОГЭ 9; онлайн; воскресенье онлайн, 10:00-12:00. Точная дата старта группы в источнике не указана.",low,document_verified,2026-08-13,2027-05-31,False,answer_source,True
fact:v3:unpk:owner_schedule_2026_27_unpk_group_3a08f4695a4b259e:21a3f91114,unpk,schedule,schedule_2026_27,"УНПК МФТИ: актуальная группа — Информатика 8 Продвинутый; Верхняя Красносельская, 30; воскресенье, 12:15-14:15. Точная дата старта группы в источнике не указана.",low,document_verified,2026-08-13,2027-05-31,False,answer_source,True
fact:v3:unpk:owner_schedule_2026_27_unpk_group_3bb750b8299bb7fd:3a95647b57,unpk,schedule,schedule_2026_27,"УНПК МФТИ: актуальная группа — Информатика 6; онлайн; воскресенье онлайн, 12:15-14:15. Точная дата старта группы в источнике не указана.",low,document_verified,2026-08-13,2027-05-31,False,answer_source,True
fact:v3:unpk:owner_schedule_2026_27_unpk_group_4165e9a8ddb9a36c:0d2e4d71c5,unpk,schedule,schedule_2026_27,"УНПК МФТИ: актуальная группа — Физика 10; онлайн; суббота онлайн, 12:15-14:15. Точная дата старта группы в источнике не указана.",low,document_verified,2026-08-13,2027-05-31,False,answer_source,True
fact:v3:unpk:owner_schedule_2026_27_unpk_group_424c4bfe6edf0a41:306f3a0056,unpk,schedule,schedule_2026_27,"УНПК МФТИ: актуальная группа — Физика 11 ЕГЭ; онлайн; понедельник и среда онлайн, 18:00-19:30. Точная дата старта группы в источнике не указана.",low,document_verified,2026-08-13,2027-05-31,False,answer_source,True
fact:v3:unpk:owner_schedule_2026_27_unpk_group_4442c75a8bd8fb94:5f3f9e9c4f,unpk,schedule,schedule_2026_27,"УНПК МФТИ: актуальная группа — Информатика 10-11 ЕГЭ -продвинутый; Сретенка, 20; воскресенье, 12:15-14:15. Точная дата старта группы в источнике не указана.",low,document_verified,2026-08-13,2027-05-31,False,answer_source,True
fact:v3:unpk:owner_schedule_2026_27_unpk_group_46e2ad4d6deee3f9:c58c058d78,unpk,schedule,schedule_2026_27,"УНПК МФТИ: актуальная группа — Математика 1 класс; Пацаева; воскресенье, 10:00-11:20. Точная дата старта группы в источнике не указана.",low,document_verified,2026-08-13,2027-05-31,False,answer_source,True
fact:v3:unpk:owner_schedule_2026_27_unpk_group_46e542a61fc860f5:fbeb400d3d,unpk,schedule,schedule_2026_27,"УНПК МФТИ: актуальная группа — Математика 5 класс; МФТИ; воскресенье, 14:00-16:00. Точная дата старта группы в источнике не указана.",low,document_verified,2026-08-13,2027-05-31,False,answer_source,True
fact:v3:unpk:owner_schedule_2026_27_unpk_group_48f9220b80b1c636:be52c406fc,unpk,schedule,schedule_2026_27,"УНПК МФТИ: актуальная группа — Математика ЕГЭ 10; МФТИ; воскресенье, 11:45-13:45. Точная дата старта группы в источнике не указана.",low,document_verified,2026-08-13,2027-05-31,False,answer_source,True
fact:v3:unpk:owner_schedule_2026_27_unpk_group_493de4bb554f762b:4c92eef4e1,unpk,schedule,schedule_2026_27,"УНПК МФТИ: актуальная группа — Русский язык ОГЭ 9; МФТИ; воскресенье, 14:00-16:00. Точная дата старта группы в источнике не указана.",low,document_verified,2026-08-13,2027-05-31,False,answer_source,True
fact:v3:unpk:owner_schedule_2026_27_unpk_group_4d4cd51b5db133fe:7697dc6723,unpk,schedule,schedule_2026_27,"УНПК МФТИ: актуальная группа — Физика ОГЭ 9; МФТИ; воскресенье, 09:30-11:30. Точная дата старта группы в источнике не указана.",low,document_verified,2026-08-13,2027-05-31,False,answer_source,True
fact:v3:unpk:owner_schedule_2026_27_unpk_group_4e9be6c478c573dd:3841098913,unpk,schedule,schedule_2026_27,"УНПК МФТИ: актуальная группа — Информатика 10-11 ЕГЭ; Сретенка, 20; воскресенье, 14:30-16:30. Точная дата старта группы в источнике не указана.",low,document_verified,2026-08-13,2027-05-31,False,answer_source,True
fact:v3:unpk:owner_schedule_2026_27_unpk_group_5289cb83a0f0c838:663d33ca75,unpk,schedule,schedule_2026_27,"УНПК МФТИ: актуальная группа — Физика 7 класс Продвинутый; Верхняя Красносельская, 30; воскресенье, 14:30-16:30. Точная дата старта группы в источнике не указана.",low,document_verified,2026-08-13,2027-05-31,False,answer_source,True
fact:v3:unpk:owner_schedule_2026_27_unpk_group_55d546f33515d20c:78aa9b791e,unpk,schedule,schedule_2026_27,"УНПК МФТИ: актуальная группа — Математика 5 класс Олимп; онлайн; воскресенье онлайн, 12:15-14:15. Точная дата старта группы в источнике не указана.",low,document_verified,2026-08-13,2027-05-31,False,answer_source,True
fact:v3:unpk:owner_schedule_2026_27_unpk_group_571acc603ee1f1ea:972dda613c,unpk,schedule,schedule_2026_27,"УНПК МФТИ: актуальная группа — Информатика ОГЭ 9; онлайн; суббота онлайн, 12:15-14:15. Точная дата старта группы в источнике не указана.",low,document_verified,2026-08-13,2027-05-31,False,answer_source,True
fact:v3:unpk:owner_schedule_2026_27_unpk_group_5c9de2ecd6d7d597:4ddbf264d3,unpk,schedule,schedule_2026_27,"УНПК МФТИ: актуальная группа — Информатика 1-2 класс; Пацаева; суббота, 11:30-12:50. Точная дата старта группы в источнике не указана.",low,document_verified,2026-08-13,2027-05-31,False,answer_source,True
fact:v3:unpk:owner_schedule_2026_27_unpk_group_5ca2db70479f8f83:4d87b5d896,unpk,schedule,schedule_2026_27,"УНПК МФТИ: актуальная группа — Математика ЕГЭ 10; МФТИ; воскресенье, 09:30-11:30. Точная дата старта группы в источнике не указана.",low,document_verified,2026-08-13,2027-05-31,False,answer_source,True
fact:v3:unpk:owner_schedule_2026_27_unpk_group_5f49d0f78bc8e14d:03b555b0d1,unpk,schedule,schedule_2026_27,"УНПК МФТИ: актуальная группа — Физика 1-2 класс; Пацаева; суббота, 11:30-12:50. Точная дата старта группы в источнике не указана.",low,document_verified,2026-08-13,2027-05-31,False,answer_source,True
fact:v3:unpk:owner_schedule_2026_27_unpk_group_67355a0542dd0144:db8aa7978e,unpk,schedule,schedule_2026_27,"УНПК МФТИ: актуальная группа — Математика 3 класс (сильн); Пацаева; воскресенье, 11:30-12:50. Точная дата старта группы в источнике не указана.",low,document_verified,2026-08-13,2027-05-31,False,answer_source,True
fact:v3:unpk:owner_schedule_2026_27_unpk_group_6d7b34b6acde9939:484e1962ce,unpk,schedule,schedule_2026_27,"УНПК МФТИ: актуальная группа — Математика 8 класс Продвинутый; Верхняя Красносельская, 30; воскресенье, 14:30-16:30. Точная дата старта группы в источнике не указана.",low,document_verified,2026-08-13,2027-05-31,False,answer_source,True
fact:v3:unpk:owner_schedule_2026_27_unpk_group_6f59fe43ddc9a94a:2e9c843841,unpk,schedule,schedule_2026_27,"УНПК МФТИ: актуальная группа — Физика ЕГЭ  10; МФТИ; воскресенье, 14:00-16:00. Точная дата старта группы в источнике не указана.",low,document_verified,2026-08-13,2027-05-31,False,answer_source,True
fact:v3:unpk:owner_schedule_2026_27_unpk_group_6f7ac01122fbcfea:5ea97f53e6,unpk,schedule,schedule_2026_27,"УНПК МФТИ: актуальная группа — Математика 7 класс; МФТИ; воскресенье, 11:45-13:45. Точная дата старта группы в источнике не указана.",low,document_verified,2026-08-13,2027-05-31,False,answer_source,True
fact:v3:unpk:owner_schedule_2026_27_unpk_group_715e34d01b263995:6552c13b71,unpk,schedule,schedule_2026_27,"УНПК МФТИ: актуальная группа — Математика 6 класс Продв; Верхняя Красносельская, 30; воскресенье, 10:00-12:00. Точная дата старта группы в источнике не указана.",low,document_verified,2026-08-13,2027-05-31,False,answer_source,True
fact:v3:unpk:owner_schedule_2026_27_unpk_group_72205c3d647e7e48:c88a14bf77,unpk,schedule,schedule_2026_27,"УНПК МФТИ: актуальная группа — Информатика 5-6; Верхняя Красносельская, 30; воскресенье, 14:30-16:30. Точная дата старта группы в источнике не указана.",low,document_verified,2026-08-13,2027-05-31,False,answer_source,True
fact:v3:unpk:owner_schedule_2026_27_unpk_group_7229b02a9eec988a:e16a525441,unpk,schedule,schedule_2026_27,"УНПК МФТИ: актуальная группа — Математика 6 класс; МФТИ; воскресенье, 11:45-13:45. Точная дата старта группы в источнике не указана.",low,document_verified,2026-08-13,2027-05-31,False,answer_source,True
fact:v3:unpk:owner_schedule_2026_27_unpk_group_73fc0b8ed7325698:2f54f23383,unpk,schedule,schedule_2026_27,"УНПК МФТИ: актуальная группа — Физика ОГЭ 9; онлайн; воскресенье онлайн, 12:15-14:15. Точная дата старта группы в источнике не указана.",low,document_verified,2026-08-13,2027-05-31,False,answer_source,True
fact:v3:unpk:owner_schedule_2026_27_unpk_group_741a685848e613d2:dca0805f0d,unpk,schedule,schedule_2026_27,"УНПК МФТИ: актуальная группа — Математика ЕГЭ 11; МФТИ; воскресенье, 09:30-11:30. Точная дата старта группы в источнике не указана.",low,document_verified,2026-08-13,2027-05-31,False,answer_source,True
fact:v3:unpk:owner_schedule_2026_27_unpk_group_747b08bcdb9f5c04:ea075bdcc5,unpk,schedule,schedule_2026_27,"УНПК МФТИ: актуальная группа — Информатика ОГЭ 9; МФТИ; воскресенье, 14:00-16:00. Точная дата старта группы в источнике не указана.",low,document_verified,2026-08-13,2027-05-31,False,answer_source,True
fact:v3:unpk:owner_schedule_2026_27_unpk_group_766d8676d89f50e5:a6be47fcf6,unpk,schedule,schedule_2026_27,"УНПК МФТИ: актуальная группа — Математика 7 класс Олимпиадный; Верхняя Красносельская, 30; воскресенье, 10:00-12:00. Точная дата старта группы в источнике не указана.",low,document_verified,2026-08-13,2027-05-31,False,answer_source,True
fact:v3:unpk:owner_schedule_2026_27_unpk_group_7e7819e72832f423:aa02149f05,unpk,schedule,schedule_2026_27,"УНПК МФТИ: актуальная группа — Физика 8 класс Базовый; Верхняя Красносельская, 30; воскресенье, 10:00-12:00. Точная дата старта группы в источнике не указана.",low,document_verified,2026-08-13,2027-05-31,False,answer_source,True
fact:v3:unpk:owner_schedule_2026_27_unpk_group_7f632c919909042b:dbb00c95c6,unpk,schedule,schedule_2026_27,"УНПК МФТИ: актуальная группа — Физика 8 класс; МФТИ; воскресенье, 14:00-16:00. Точная дата старта группы в источнике не указана.",low,document_verified,2026-08-13,2027-05-31,False,answer_source,True
fact:v3:unpk:owner_schedule_2026_27_unpk_group_85c596ea1cee4fcb:8cff60e761,unpk,schedule,schedule_2026_27,"УНПК МФТИ: актуальная группа — Физика 9 ОГЭ; онлайн; понедельник и среда онлайн, 18:00-19:30. Точная дата старта группы в источнике не указана.",low,document_verified,2026-08-13,2027-05-31,False,answer_source,True
fact:v3:unpk:owner_schedule_2026_27_unpk_group_8676f9c679440480:fa8611ae8b,unpk,schedule,schedule_2026_27,"УНПК МФТИ: актуальная группа — Физика 11 класс Олимп; Сретенка, 20; воскресенье, 14:30-16:30. Точная дата старта группы в источнике не указана.",low,document_verified,2026-08-13,2027-05-31,False,answer_source,True
fact:v3:unpk:owner_schedule_2026_27_unpk_group_871994fd3cacdf11:2001b2f74f,unpk,schedule,schedule_2026_27,"УНПК МФТИ: актуальная группа — Математика 2 класс; Пацаева; воскресенье, 13:00-14:20. Точная дата старта группы в источнике не указана.",low,document_verified,2026-08-13,2027-05-31,False,answer_source,True
fact:v3:unpk:owner_schedule_2026_27_unpk_group_887ab1c5078f5587:8bea18d502,unpk,schedule,schedule_2026_27,"УНПК МФТИ: актуальная группа — Информатика 5кл; МФТИ; воскресенье, 11:45-13:45. Точная дата старта группы в источнике не указана.",low,document_verified,2026-08-13,2027-05-31,False,answer_source,True
fact:v3:unpk:owner_schedule_2026_27_unpk_group_888c939314e0073f:d0e7f96342,unpk,schedule,schedule_2026_27,"УНПК МФТИ: актуальная группа — Физика 8 класс; МФТИ; воскресенье, 11:45-13:45. Точная дата старта группы в источнике не указана.",low,document_verified,2026-08-13,2027-05-31,False,answer_source,True
fact:v3:unpk:owner_schedule_2026_27_unpk_group_8d4745d992372628:fad1e56a73,unpk,schedule,schedule_2026_27,"УНПК МФТИ: актуальная группа — Физика 7 класс; онлайн; воскресенье онлайн, 12:15-14:15. Точная дата старта группы в источнике не указана.",low,document_verified,2026-08-13,2027-05-31,False,answer_source,True
fact:v3:unpk:owner_schedule_2026_27_unpk_group_8e70eca3fb0ba805:954e262e5d,unpk,schedule,schedule_2026_27,"УНПК МФТИ: актуальная группа — Физика 6 класс; МФТИ; воскресенье, 09:30-11:30. Точная дата старта группы в источнике не указана.",low,document_verified,2026-08-13,2027-05-31,False,answer_source,True
fact:v3:unpk:owner_schedule_2026_27_unpk_group_92a68e224a29428a:13e6665090,unpk,schedule,schedule_2026_27,"УНПК МФТИ: актуальная группа — Математика 2 класс; Пацаева; суббота, 13:00-14:20. Точная дата старта группы в источнике не указана.",low,document_verified,2026-08-13,2027-05-31,False,answer_source,True
fact:v3:unpk:owner_schedule_2026_27_unpk_group_94bc4a8d89dbc3c8:130126faa2,unpk,schedule,schedule_2026_27,"УНПК МФТИ: актуальная группа — Математика 4 класс; Пацаева; суббота, 16:00-17:20. Точная дата старта группы в источнике не указана.",low,document_verified,2026-08-13,2027-05-31,False,answer_source,True
fact:v3:unpk:owner_schedule_2026_27_unpk_group_9749e65ff811e987:ebde8537bc,unpk,schedule,schedule_2026_27,"УНПК МФТИ: актуальная группа — Математика 10 класс Олимп; Сретенка, 20; воскресенье, 14:30-16:30. Точная дата старта группы в источнике не указана.",low,document_verified,2026-08-13,2027-05-31,False,answer_source,True
fact:v3:unpk:owner_schedule_2026_27_unpk_group_98416f0db5ba317a:b4bbb468c4,unpk,schedule,schedule_2026_27,"УНПК МФТИ: актуальная группа — Математика 11 класс Продвинутый; Сретенка, 20; воскресенье, 12:15-14:15. Точная дата старта группы в источнике не указана.",low,document_verified,2026-08-13,2027-05-31,False,answer_source,True
fact:v3:unpk:owner_schedule_2026_27_unpk_group_9b93a6e99b44e083:649552b341,unpk,schedule,schedule_2026_27,"УНПК МФТИ: актуальная группа — Русский язык ЕГЭ 11; МФТИ; воскресенье, 09:30-11:30. Точная дата старта группы в источнике не указана.",low,document_verified,2026-08-13,2027-05-31,False,answer_source,True
fact:v3:unpk:owner_schedule_2026_27_unpk_group_9e385e0f2b15d994:d8546d50a1,unpk,schedule,schedule_2026_27,"УНПК МФТИ: актуальная группа — Информатика 7 класс; МФТИ; воскресенье, 09:30-11:30. Точная дата старта группы в источнике не указана.",low,document_verified,2026-08-13,2027-05-31,False,answer_source,True
fact:v3:unpk:owner_schedule_2026_27_unpk_group_a208e15471bea76e:390a77a1ee,unpk,schedule,schedule_2026_27,"УНПК МФТИ: актуальная группа — Физика 9 класс Продвинутый; Сретенка, 20; воскресенье, 12:15-14:15. Точная дата старта группы в источнике не указана.",low,document_verified,2026-08-13,2027-05-31,False,answer_source,True
fact:v3:unpk:owner_schedule_2026_27_unpk_group_a955e55b80d4aa25:c9b75407cd,unpk,schedule,schedule_2026_27,"УНПК МФТИ: актуальная группа — Физика ЕГЭ 11; МФТИ; воскресенье, 11:45-13:45. Точная дата старта группы в источнике не указана.",low,document_verified,2026-08-13,2027-05-31,False,answer_source,True
fact:v3:unpk:owner_schedule_2026_27_unpk_group_aa14689b9a582872:c23779be14,unpk,schedule,schedule_2026_27,"УНПК МФТИ: актуальная группа — Информатика 6кл; МФТИ; воскресенье, 14:00-16:00. Точная дата старта группы в источнике не указана.",low,document_verified,2026-08-13,2027-05-31,False,answer_source,True
fact:v3:unpk:owner_schedule_2026_27_unpk_group_af779f0418c050bf:a25c510c10,unpk,schedule,schedule_2026_27,"УНПК МФТИ: актуальная группа — Математика 9 класс Олимп; Сретенка, 20; воскресенье, 16:45-18:45. Точная дата старта группы в источнике не указана.",low,document_verified,2026-08-13,2027-05-31,False,answer_source,True
fact:v3:unpk:owner_schedule_2026_27_unpk_group_b1e3152b3b7730ad:93d6df63c1,unpk,schedule,schedule_2026_27,"УНПК МФТИ: актуальная группа — Информатика 11 ЕГЭ; онлайн; суббота онлайн, 14:30-16:30. Точная дата старта группы в источнике не указана.",low,document_verified,2026-08-13,2027-05-31,False,answer_source,True
fact:v3:unpk:owner_schedule_2026_27_unpk_group_b3bd65e6fe8ba244:5765e886f2,unpk,schedule,schedule_2026_27,"УНПК МФТИ: актуальная группа — Математика 3 класс; Пацаева; воскресенье, 11:30-12:50. Точная дата старта группы в источнике не указана.",low,document_verified,2026-08-13,2027-05-31,False,answer_source,True
fact:v3:unpk:owner_schedule_2026_27_unpk_group_b6fefc4927f3081d:d8f9f2f4b9,unpk,schedule,schedule_2026_27,"УНПК МФТИ: актуальная группа — Физика 11 ЕГЭ; онлайн; суббота онлайн, 10:00-12:00. Точная дата старта группы в источнике не указана.",low,document_verified,2026-08-13,2027-05-31,False,answer_source,True
fact:v3:unpk:owner_schedule_2026_27_unpk_group_b71e45de646c1521:ff3576283d,unpk,schedule,schedule_2026_27,"УНПК МФТИ: актуальная группа — Математика 2 класс; Пацаева; суббота, 10:00-11:20. Точная дата старта группы в источнике не указана.",low,document_verified,2026-08-13,2027-05-31,False,answer_source,True
fact:v3:unpk:owner_schedule_2026_27_unpk_group_b77846f2f0aa68e5:6a82335027,unpk,schedule,schedule_2026_27,"УНПК МФТИ: актуальная группа — Математика 5 класс Олимпиадный; Верхняя Красносельская, 30; воскресенье, 10:00-12:00. Точная дата старта группы в источнике не указана.",low,document_verified,2026-08-13,2027-05-31,False,answer_source,True
fact:v3:unpk:owner_schedule_2026_27_unpk_group_b845ecbc43a469b1:6392f6e096,unpk,schedule,schedule_2026_27,"УНПК МФТИ: актуальная группа — Физика 9 Олимп; онлайн; суббота онлайн, 16:45-18:45. Точная дата старта группы в источнике не указана.",low,document_verified,2026-08-13,2027-05-31,False,answer_source,True
fact:v3:unpk:owner_schedule_2026_27_unpk_group_b8b25169c3ffc90c:0215bf33fc,unpk,schedule,schedule_2026_27,"УНПК МФТИ: актуальная группа — Физика 9 класс Олимп; Сретенка, 20; воскресенье, 14:30-16:30. Точная дата старта группы в источнике не указана.",low,document_verified,2026-08-13,2027-05-31,False,answer_source,True
fact:v3:unpk:owner_schedule_2026_27_unpk_group_b96ed31a87387e2d:7c15b979a4,unpk,schedule,schedule_2026_27,"УНПК МФТИ: актуальная группа — Математика 3 класс; Пацаева; суббота, 11:30-12:50. Точная дата старта группы в источнике не указана.",low,document_verified,2026-08-13,2027-05-31,False,answer_source,True
fact:v3:unpk:owner_schedule_2026_27_unpk_group_ba000bdc5c2bd1aa:c3d01a79d5,unpk,schedule,schedule_2026_27,"УНПК МФТИ: актуальная группа — Русский язык ЕГЭ 10-11; МФТИ; воскресенье, 11:45-13:45. Точная дата старта группы в источнике не указана.",low,document_verified,2026-08-13,2027-05-31,False,answer_source,True
fact:v3:unpk:owner_schedule_2026_27_unpk_group_bb5b4acc0f93daf1:81b486b551,unpk,schedule,schedule_2026_27,"УНПК МФТИ: актуальная группа — Информатика 11 ЕГЭ; онлайн; понедельник и среда онлайн, 18:00-19:30. Точная дата старта группы в источнике не указана.",low,document_verified,2026-08-13,2027-05-31,False,answer_source,True
fact:v3:unpk:owner_schedule_2026_27_unpk_group_bb828c16bac43d74:09213f4f78,unpk,schedule,schedule_2026_27,"УНПК МФТИ: актуальная группа — Физика 5 класс; МФТИ; воскресенье, 11:45-13:45. Точная дата старта группы в источнике не указана.",low,document_verified,2026-08-13,2027-05-31,False,answer_source,True
fact:v3:unpk:owner_schedule_2026_27_unpk_group_bcc31b2d4983c2e5:e114dfb9b7,unpk,schedule,schedule_2026_27,"УНПК МФТИ: актуальная группа — Математика 8 класс Олимпиадный; Верхняя Красносельская, 30; воскресенье, 14:30-16:30. Точная дата старта группы в источнике не указана.",low,document_verified,2026-08-13,2027-05-31,False,answer_source,True
fact:v3:unpk:owner_schedule_2026_27_unpk_group_bd2687d0283d4ca4:20feb0d58d,unpk,schedule,schedule_2026_27,"УНПК МФТИ: актуальная группа — Информатика 3-4 класс; Пацаева; суббота, 14:30-15:50. Точная дата старта группы в источнике не указана.",low,document_verified,2026-08-13,2027-05-31,False,answer_source,True
fact:v3:unpk:owner_schedule_2026_27_unpk_group_be2a97cd951c3b31:2e9b21f098,unpk,schedule,schedule_2026_27,"УНПК МФТИ: актуальная группа — Физика 3-4 класс; Пацаева; суббота, 13:00-14:20. Точная дата старта группы в источнике не указана.",low,document_verified,2026-08-13,2027-05-31,False,answer_source,True
fact:v3:unpk:owner_schedule_2026_27_unpk_group_bf6299453d639828:4a4475ce91,unpk,schedule,schedule_2026_27,"УНПК МФТИ: актуальная группа — Математика 4 класс (сильн); Пацаева; воскресенье, 14:30-15:50. Точная дата старта группы в источнике не указана.",low,document_verified,2026-08-13,2027-05-31,False,answer_source,True
fact:v3:unpk:owner_schedule_2026_27_unpk_group_c0b2f19b2c623fc2:88e601c7f8,unpk,schedule,schedule_2026_27,"УНПК МФТИ: актуальная группа — Физика 10 класс Олимп; Сретенка, 20; воскресенье, 16:45-18:45. Точная дата старта группы в источнике не указана.",low,document_verified,2026-08-13,2027-05-31,False,answer_source,True
fact:v3:unpk:owner_schedule_2026_27_unpk_group_c1097d8ffada7a01:49bc6d4102,unpk,schedule,schedule_2026_27,"УНПК МФТИ: актуальная группа — Математика 2 класс; Пацаева; воскресенье, 10:00-11:20. Точная дата старта группы в источнике не указана.",low,document_verified,2026-08-13,2027-05-31,False,answer_source,True
fact:v3:unpk:owner_schedule_2026_27_unpk_group_c53f15e2e02d1071:c532e5d28b,unpk,schedule,schedule_2026_27,"УНПК МФТИ: актуальная группа — Физика 8 класс; онлайн; воскресенье онлайн, 14:30-16:30. Точная дата старта группы в источнике не указана.",low,document_verified,2026-08-13,2027-05-31,False,answer_source,True
fact:v3:unpk:owner_schedule_2026_27_unpk_group_c6f33ae16054eaba:d5c8d31bf6,unpk,schedule,schedule_2026_27,"УНПК МФТИ: актуальная группа — Математика 11 класс Продвинутый; Сретенка, 20; воскресенье, 10:00-12:00. Точная дата старта группы в источнике не указана.",low,document_verified,2026-08-13,2027-05-31,False,answer_source,True
fact:v3:unpk:owner_schedule_2026_27_unpk_group_c747f149a2a4ea4a:0da7b894af,unpk,schedule,schedule_2026_27,"УНПК МФТИ: актуальная группа — Информатика ОГЭ 9; МФТИ; воскресенье, 09:30-11:30. Точная дата старта группы в источнике не указана.",low,document_verified,2026-08-13,2027-05-31,False,answer_source,True
fact:v3:unpk:owner_schedule_2026_27_unpk_group_c75cd8efa3a6eeda:fda26ef979,unpk,schedule,schedule_2026_27,"УНПК МФТИ: актуальная группа — Информатика 10; онлайн; воскресенье онлайн, 14:30-16:30. Точная дата старта группы в источнике не указана.",low,document_verified,2026-08-13,2027-05-31,False,answer_source,True
fact:v3:unpk:owner_schedule_2026_27_unpk_group_c785e34cb225d6d4:16d3245b31,unpk,schedule,schedule_2026_27,"УНПК МФТИ: актуальная группа — Математика 6 класс Олимпиадный; Верхняя Красносельская, 30; воскресенье, 14:30-16:30. Точная дата старта группы в источнике не указана.",low,document_verified,2026-08-13,2027-05-31,False,answer_source,True
fact:v3:unpk:owner_schedule_2026_27_unpk_group_d21c4180a11ba563:a92fcf146b,unpk,schedule,schedule_2026_27,"УНПК МФТИ: актуальная группа — Информатика 1-2 класс; Пацаева; воскресенье, 11:30-12:50. Точная дата старта группы в источнике не указана.",low,document_verified,2026-08-13,2027-05-31,False,answer_source,True
fact:v3:unpk:owner_schedule_2026_27_unpk_group_d3d5d50778301a73:7d6eb168a5,unpk,schedule,schedule_2026_27,"УНПК МФТИ: актуальная группа — Математика 10 класс Продвинутый; Сретенка, 20; воскресенье, 12:15-14:15. Точная дата старта группы в источнике не указана.",low,document_verified,2026-08-13,2027-05-31,False,answer_source,True
fact:v3:unpk:owner_schedule_2026_27_unpk_group_d5843817ae50ede7:f004735219,unpk,schedule,schedule_2026_27,"УНПК МФТИ: актуальная группа — Физика 11 класс Продвинутый; Сретенка, 20; воскресенье, 12:15-14:15. Точная дата старта группы в источнике не указана.",low,document_verified,2026-08-13,2027-05-31,False,answer_source,True
fact:v3:unpk:owner_schedule_2026_27_unpk_group_d59ccff51124fc2a:7ce276b307,unpk,schedule,schedule_2026_27,"УНПК МФТИ: актуальная группа — Информатика 3-4 класс; Пацаева; воскресенье, 13:00-14:20. Точная дата старта группы в источнике не указана.",low,document_verified,2026-08-13,2027-05-31,False,answer_source,True
fact:v3:unpk:owner_schedule_2026_27_unpk_group_d84fa385a171000d:d9e144a761,unpk,schedule,schedule_2026_27,"УНПК МФТИ: актуальная группа — Математика 8 класс; МФТИ; воскресенье, 09:30-11:30. Точная дата старта группы в источнике не указана.",low,document_verified,2026-08-13,2027-05-31,False,answer_source,True
fact:v3:unpk:owner_schedule_2026_27_unpk_group_dfe9aad41751d3d1:08e90cffc8,unpk,schedule,schedule_2026_27,"УНПК МФТИ: актуальная группа — Математика 9 Продвинутый; Сретенка, 20; воскресенье, 10:00-12:00. Точная дата старта группы в источнике не указана.",low,document_verified,2026-08-13,2027-05-31,False,answer_source,True
fact:v3:unpk:owner_schedule_2026_27_unpk_group_e076393dca2842ee:4458fffa2c,unpk,schedule,schedule_2026_27,"УНПК МФТИ: актуальная группа — Математика 8 класс - Продвинутый; онлайн; воскресенье онлайн, 12:15-14:15. Точная дата старта группы в источнике не указана.",low,document_verified,2026-08-13,2027-05-31,False,answer_source,True
fact:v3:unpk:owner_schedule_2026_27_unpk_group_e44857b5a23acffd:723b579da5,unpk,schedule,schedule_2026_27,"УНПК МФТИ: актуальная группа — Физика 10 класс Продвинутый; Сретенка, 20; воскресенье, 10:00-12:00. Точная дата старта группы в источнике не указана.",low,document_verified,2026-08-13,2027-05-31,False,answer_source,True
fact:v3:unpk:owner_schedule_2026_27_unpk_group_e54b712de0d3e89b:1cf5ae66ee,unpk,schedule,schedule_2026_27,"УНПК МФТИ: актуальная группа — Физика 3-4 класс; Пацаева; воскресенье, 13:00-14:20. Точная дата старта группы в источнике не указана.",low,document_verified,2026-08-13,2027-05-31,False,answer_source,True
fact:v3:unpk:owner_schedule_2026_27_unpk_group_e67f047d87a071bd:b9bb0aaea3,unpk,schedule,schedule_2026_27,"УНПК МФТИ: актуальная группа — Информатика 8 класс; МФТИ; воскресенье, 14:00-16:00. Точная дата старта группы в источнике не указана.",low,document_verified,2026-08-13,2027-05-31,False,answer_source,True
fact:v3:unpk:owner_schedule_2026_27_unpk_group_f0b0e64c6fd94825:00256f9df7,unpk,schedule,schedule_2026_27,"УНПК МФТИ: актуальная группа — Физика 7 класс; МФТИ; воскресенье, 14:00-16:00. Точная дата старта группы в источнике не указана.",low,document_verified,2026-08-13,2027-05-31,False,answer_source,True
fact:v3:unpk:owner_schedule_2026_27_unpk_group_f17f1d8870715f92:a604edae00,unpk,schedule,schedule_2026_27,"УНПК МФТИ: актуальная группа — Математика 10 Олимп; онлайн; суббота онлайн, 14:30-16:30. Точная дата старта группы в источнике не указана.",low,document_verified,2026-08-13,2027-05-31,False,answer_source,True
fact:v3:unpk:owner_schedule_2026_27_unpk_group_f286160f22065553:c7b785cb26,unpk,schedule,schedule_2026_27,"УНПК МФТИ: актуальная группа — Математика 7 класс - Продвинутый; онлайн; воскресенье онлайн, 14:30-16:30. Точная дата старта группы в источнике не указана.",low,document_verified,2026-08-13,2027-05-31,False,answer_source,True
fact:v3:unpk:owner_schedule_2026_27_unpk_group_f2bbb62de67c9243:d3b74c409b,unpk,schedule,schedule_2026_27,"УНПК МФТИ: актуальная группа — Математика 10; онлайн; суббота онлайн, 10:00-12:00. Точная дата старта группы в источнике не указана.",low,document_verified,2026-08-13,2027-05-31,False,answer_source,True
fact:v3:unpk:owner_schedule_2026_27_unpk_group_f44adf9ecac9667a:f388394cf9,unpk,schedule,schedule_2026_27,"УНПК МФТИ: актуальная группа — Математика 4 класс; Пацаева; воскресенье, 14:30-15:50. Точная дата старта группы в источнике не указана.",low,document_verified,2026-08-13,2027-05-31,False,answer_source,True
fact:v3:unpk:owner_schedule_2026_27_unpk_group_f4c4026692400e8b:f224556f80,unpk,schedule,schedule_2026_27,"УНПК МФТИ: актуальная группа — Информатика ЕГЭ; МФТИ; воскресенье, 14:00-16:00. Точная дата старта группы в источнике не указана.",low,document_verified,2026-08-13,2027-05-31,False,answer_source,True
fact:v3:unpk:owner_schedule_2026_27_unpk_group_f8e5e51c850b911a:8e8dca797e,unpk,schedule,schedule_2026_27,"УНПК МФТИ: актуальная группа — Математика 11 класс Олимп; Сретенка, 20; воскресенье, 16:45-18:45. Точная дата старта группы в источнике не указана.",low,document_verified,2026-08-13,2027-05-31,False,answer_source,True
fact:v3:unpk:owner_schedule_2026_27_unpk_group_faff1d83c904ec76:951ea6a6cd,unpk,schedule,schedule_2026_27,"УНПК МФТИ: актуальная группа — Физика 10 Олимп; онлайн; воскресенье онлайн, 14:30-16:30. Точная дата старта группы в источнике не указана.",low,document_verified,2026-08-13,2027-05-31,False,answer_source,True
fact:v3:unpk:bot_policy_approved_phrases_theme_17_teachers_unpk:86fcffc445,unpk,teacher,theme_17_teachers,"Преподаватели — из МФТИ, МГУ, ВШЭ, МГТУ им. Баумана, МИФИ. Эксперты ЕГЭ, члены жюри олимпиад. Если ребёнку не подойдёт педагог — переведём в другую группу.",low,document_verified,,2026-12-31,False,answer_source,False
